Real;Predicted;Time (us)
0.10810811;-0.21849458;77.00
0.08108108;0.11254869;12.00
0.08108108;-0.00934434;12.00
0.29729730;-0.44346610;12.00
0.27027026;-0.45178604;12.00
0.48648649;0.07978789;11.00
0.37837839;-0.43887666;11.00
0.27027026;0.15927637;11.00
0.08108108;0.10460620;12.00
0.05405405;0.11041109;12.00
0.05405405;0.16659908;12.00
0.08108108;0.41059729;11.00
0.05405405;0.14831950;12.00
0.13513514;0.24840519;12.00
0.43243244;-0.53619516;12.00
0.40540540;-0.34715480;11.00
0.05405405;0.19465914;12.00
0.05405405;0.07032122;11.00
0.02702703;-0.12980834;12.00
0.05405405;0.11621575;12.00
0.05405405;0.12834582;12.00
0.08108108;-0.19569735;12.00
0.05405405;0.10998388;11.00
0.08108108;-0.09589264;12.00
0.08108108;0.29068637;11.00
0.08108108;0.16948594;11.00
0.08108108;0.13412726;12.00
0.08108108;-0.21681364;12.00
0.05405405;-0.11649626;11.00
0.05405405;0.12764935;12.00
0.08108108;0.13983823;11.00
0.08108108;0.12522694;11.00
0.05405405;0.15179375;12.00
0.56756759;0.14446262;12.00
0.05405405;0.11178596;12.00
0.05405405;-0.07377996;12.00
0.21621622;0.15024826;12.00
0.45945945;-0.31621265;12.00
0.18918920;0.01974810;11.00
0.27027026;0.13274622;12.00
0.08108108;0.12646693;11.00
0.08108108;-0.20615932;12.00
0.10810811;-0.15527155;11.00
0.18918920;-0.47463778;12.00
0.08108108;0.13264543;11.00
0.72972971;0.42804092;11.00
0.05405405;0.12834582;11.00
0.08108108;-0.22329843;11.00
0.67567569;0.52291077;12.00
0.24324325;0.42420992;11.00
0.05405405;0.22301067;12.00
0.08108108;0.16733606;11.00
0.05405405;-0.24424803;12.00
0.05405405;0.13071865;12.00
0.05405405;0.08701937;11.00
0.05405405;0.15093192;12.00
0.27027026;-0.14772940;12.00
0.29729730;0.05315065;12.00
0.10810811;0.13689762;12.00
0.43243244;-0.32545364;12.00
0.08108108;-0.16507414;12.00
0.05405405;0.21816327;12.00
0.40540540;0.29409054;12.00
0.08108108;-0.01758446;12.00
0.08108108;0.11796446;11.00
0.10810811;0.13111632;12.00
0.02702703;0.12508970;11.00
0.08108108;0.13990836;11.00
0.08108108;0.15310831;12.00
0.43243244;-0.31531596;11.00
0.21621622;0.20553187;11.00
0.05405405;0.05836632;12.00
0.37837839;0.01905194;12.00
0.18918920;0.37853438;12.00
0.08108108;0.14505237;12.00
0.08108108;0.13769175;11.00
0.02702703;0.38313329;12.00
0.02702703;-0.10398264;12.00
0.05405405;0.11371347;11.00
0.43243244;0.33037755;11.00
0.05405405;0.12985855;12.00
0.05405405;0.17731339;12.00
0.29729730;0.32518268;11.00
0.08108108;0.01389235;11.00
0.05405405;0.15947445;11.00
0.05405405;0.11603744;11.00
0.21621622;0.18332303;12.00
0.24324325;0.26182765;12.00
0.05405405;0.23752134;12.00
0.08108108;-0.23530085;12.00
0.05405405;0.15477180;12.00
0.29729730;0.24054733;12.00
0.05405405;0.12635098;11.00
0.05405405;0.17495266;12.00
0.05405405;0.33595458;12.00
0.05405405;0.12819822;12.00
0.05405405;0.15824616;12.00
0.16216215;-0.01930658;12.00
0.29729730;-0.34827837;12.00
0.08108108;-0.27558976;11.00
0.43243244;-0.16325298;11.00
0.05405405;0.11371347;12.00
0.08108108;0.15354912;12.00
0.18918920;0.23912585;12.00
0.37837839;-0.10494938;11.00
0.16216215;0.02792258;12.00
0.08108108;0.10777190;11.00
0.02702703;0.00401062;11.00
0.10810811;0.06194788;12.00
0.10810811;0.08472015;12.00
0.05405405;0.15179375;12.00
0.02702703;0.14570698;12.00
0.02702703;0.12443726;12.00
0.45945945;0.32377505;11.00
0.10810811;0.15535773;11.00
0.05405405;-0.04698615;12.00
0.56756759;0.36967129;12.00
0.45945945;-0.44190070;12.00
0.08108108;0.17495266;12.00
0.08108108;0.20878042;12.00
0.67567569;-0.59496611;12.00
0.05405405;0.11099170;12.00
0.05405405;-0.08415391;12.00
0.05405405;0.11138854;12.00
0.10810811;0.27974808;11.00
0.32432431;0.24362016;12.00
0.08108108;0.13497011;11.00
0.21621622;-0.45523337;12.00
0.08108108;0.15530102;12.00
0.05405405;0.15329616;11.00
0.05405405;0.11804035;12.00
0.08108108;0.13536683;12.00
0.08108108;0.14644371;12.00
0.05405405;0.16671455;11.00
0.08108108;0.43206376;11.00
0.24324325;-0.02709082;12.00
0.24324325;-0.22806773;12.00
0.05405405;0.12100767;11.00
0.08108108;0.16048595;12.00
0.18918920;0.19725809;12.00
0.08108108;-0.22973028;12.00
0.13513514;-0.18538012;12.00
0.35135135;0.28573510;11.00
0.08108108;-0.03880611;12.00
0.13513514;-0.10936872;11.00
0.10810811;0.14387050;12.00
0.72972971;-0.36229041;12.00
0.05405405;-0.14860316;12.00
0.10810811;0.21180865;12.00
0.40540540;-0.31493282;12.00
0.08108108;0.18708274;11.00
0.02702703;0.00696331;11.00
0.35135135;-0.24444841;12.00
0.10810811;0.14691043;12.00
0.08108108;-0.26367688;12.00
0.02702703;0.04295589;12.00
0.08108108;0.01971593;12.00
0.05405405;0.16659908;11.00
0.05405405;0.15437277;11.00
0.05405405;0.15970069;11.00
0.02702703;-0.15699686;11.00
0.56756759;0.21140824;11.00
0.48648649;0.22146480;12.00
0.51351351;0.52732283;12.00
0.02702703;0.12873098;12.00
0.05405405;0.03595043;11.00
0.05405405;0.49504155;11.00
0.05405405;0.25974455;12.00
0.05405405;-0.15823030;11.00
0.05405405;0.16695073;11.00
0.05405405;-0.16407071;11.00
0.02702703;-0.03913494;11.00
0.54054052;0.07780311;11.00
0.21621622;0.06479008;12.00
0.45945945;-0.18846568;11.00
0.35135135;0.64379704;15.00
0.10810811;0.06608907;12.00
0.05405405;0.09511817;11.00
0.05405405;0.12506200;12.00
0.08108108;0.16760787;11.00
0.02702703;0.06179106;12.00
0.05405405;0.25284949;12.00
0.72972971;-0.33357444;12.00
0.05405405;0.15530102;12.00
0.10810811;0.15407915;11.00
0.08108108;0.14877720;11.00
0.05405405;0.18556434;11.00
0.10810811;0.34577581;12.00
0.05405405;0.22468920;11.00
0.05405405;-0.06265420;11.00
0.54054052;0.47474903;11.00
0.05405405;0.18640305;12.00
0.10810811;-0.22712396;12.00
0.16216215;-0.23249069;12.00
0.05405405;0.14477935;11.00
0.18918920;-0.16834189;11.00
0.40540540;0.26592112;11.00
0.05405405;0.16615777;12.00
0.02702703;0.14602016;12.00
0.05405405;-0.15687394;12.00
0.13513514;0.17411166;11.00
0.05405405;0.16671455;11.00
0.48648649;-0.35852158;12.00
0.40540540;0.54712445;11.00
0.08108108;-0.06169342;12.00
0.40540540;-0.55912417;12.00
0.24324325;-0.24452582;12.00
0.05405405;0.13687244;11.00
0.08108108;0.13071865;12.00
0.24324325;0.35589826;11.00
0.37837839;-0.45937186;11.00
0.05405405;0.31098473;12.00
0.05405405;0.11844437;12.00
0.05405405;0.41059729;12.00
0.05405405;0.10906456;11.00
0.05405405;-0.04471475;12.00
0.02702703;0.31743997;11.00
0.05405405;0.08309088;11.00
0.32432431;0.50375211;12.00
0.05405405;0.20378019;12.00
0.08108108;0.21252353;12.00
0.05405405;-0.11219101;11.00
0.05405405;-0.02259993;12.00
0.05405405;0.13888280;12.00
0.27027026;-0.38373753;12.00
0.05405405;-0.11951225;12.00
0.18918920;-0.12479965;12.00
0.02702703;-0.05831516;12.00
0.37837839;0.27783898;11.00
0.05405405;0.11099170;12.00
0.02702703;0.06908257;11.00
0.02702703;0.13440540;11.00
0.51351351;0.45180157;12.00
0.10810811;0.13111632;11.00
0.05405405;0.13967846;12.00
0.05405405;-0.10499130;12.00
0.54054052;0.47002807;12.00
0.29729730;-0.20632897;12.00
0.27027026;0.30733183;12.00
0.24324325;0.19331953;12.00
0.24324325;-0.27643448;12.00
0.32432431;0.30324963;12.00
0.05405405;0.12142156;12.00
0.29729730;0.26080048;12.00
0.18918920;0.23870172;12.00
0.05405405;0.06379320;12.00
0.32432431;-0.27125025;11.00
0.13513514;0.00328650;11.00
0.05405405;0.11621575;11.00
0.08108108;0.39452228;12.00
0.05405405;0.11178596;11.00
0.05405405;-0.06621632;11.00
0.08108108;0.12284404;12.00
0.29729730;0.43312573;12.00
0.27027026;0.31491104;12.00
0.29729730;-0.22168413;12.00
0.32432431;-0.11188900;12.00
0.05405405;0.03443699;12.00
0.10810811;0.14965157;12.00
0.08108108;-0.00365580;12.00
0.51351351;0.44812334;11.00
0.05405405;-0.24762087;11.00
0.45945945;-0.28705844;12.00
0.05405405;-0.13508010;11.00
0.37837839;-0.45217705;11.00
0.08108108;0.12261336;11.00
0.37837839;0.23311491;11.00
0.16216215;-0.28938416;12.00
0.05405405;0.08770920;12.00
0.05405405;0.08548262;12.00
0.24324325;-0.00569815;12.00
0.35135135;0.28223240;11.00
0.37837839;-0.16818643;12.00
0.05405405;0.12799689;12.00
0.27027026;0.43457383;12.00
0.05405405;0.07162686;11.00
0.05405405;-0.18743171;11.00
0.08108108;0.12646693;12.00
0.21621622;-0.08165061;12.00
0.05405405;0.18368559;11.00
0.08108108;0.14828692;12.00
0.45945945;-0.14856181;11.00
0.40540540;-0.60250556;12.00
0.10810811;-0.17330180;12.00
0.05405405;-0.16485453;12.00
0.05405405;-0.12633871;12.00
0.13513514;-0.03094375;12.00
0.32432431;0.20737875;12.00
0.18918920;0.13409668;12.00
0.05405405;0.26614505;12.00
0.10810811;-0.17799670;12.00
0.24324325;-0.01836037;12.00
0.64864868;0.47485161;12.00
0.08108108;0.12985855;12.00
0.24324325;0.20111500;12.00
0.67567569;-0.57451779;12.00
0.05405405;0.28403312;12.00
0.24324325;0.20253441;11.00
0.05405405;0.35637185;11.00
0.10810811;0.13344003;11.00
0.05405405;0.04449665;11.00
0.40540540;-0.37224728;11.00
0.18918920;0.18864693;11.00
0.10810811;0.13344003;11.00
0.51351351;-0.20572516;11.00
0.05405405;0.04506376;12.00
0.08108108;-0.04720628;12.00
0.51351351;-0.08810344;12.00
0.08108108;0.13111632;12.00
0.05405405;-0.24745071;11.00
0.35135135;-0.23827809;12.00
0.05405405;0.12851612;12.00
0.05405405;0.11178596;11.00
0.18918920;-0.13866268;12.00
0.05405405;0.12169306;12.00
0.32432431;0.08207038;11.00
0.05405405;0.10906456;12.00
0.02702703;0.39090705;12.00
0.18918920;0.22941951;11.00
0.02702703;0.14542627;12.00
0.08108108;0.13908711;12.00
0.02702703;-0.07948919;12.00
0.16216215;-0.41464573;12.00
0.10810811;0.01243737;11.00
0.05405405;0.14127232;12.00
0.27027026;0.00313994;12.00
0.10810811;-0.21409415;11.00
0.43243244;-0.50657463;11.00
0.40540540;0.32690957;11.00
0.08108108;0.19974543;12.00
0.08108108;0.13689762;12.00
0.27027026;-0.38763899;12.00
0.16216215;-0.47301003;12.00
0.05405405;0.12764935;11.00
0.05405405;0.18349092;11.00
0.02702703;-0.14048901;11.00
0.64864868;-0.60660350;11.00
0.32432431;-0.17137673;11.00
0.05405405;0.13687244;11.00
0.02702703;-0.15220906;11.00
0.02702703;0.17159835;12.00
0.13513514;0.02629221;11.00
0.13513514;0.00968180;12.00
0.16216215;-0.42110339;11.00
0.08108108;-0.25892574;12.00
0.24324325;0.21765259;12.00
0.43243244;-0.15655032;12.00
0.13513514;0.01466264;12.00
0.24324325;-0.24584499;11.00
0.21621622;-0.50933516;12.00
0.05405405;-0.16602157;12.00
0.21621622;-0.38674885;12.00
0.08108108;0.19536299;11.00
0.32432431;0.35499063;11.00
0.05405405;0.11493685;11.00
0.21621622;0.17983572;12.00
0.05405405;0.03721581;12.00
0.05405405;-0.20221560;12.00
0.08108108;0.05556484;12.00
0.18918920;0.24011523;12.00
0.18918920;0.35751155;12.00
0.24324325;0.05752531;11.00
0.54054052;0.46259046;12.00
0.40540540;0.46450984;11.00
0.05405405;-0.15735209;11.00
0.10810811;0.08726153;12.00
0.29729730;-0.25700876;12.00
0.24324325;0.23006652;11.00
0.05405405;0.11968209;12.00
0.21621622;-0.40282229;12.00
0.29729730;0.48216546;11.00
0.05405405;0.14716101;12.00
0.08108108;-0.16553059;11.00
0.32432431;0.07446349;11.00
0.05405405;0.13696499;12.00
0.18918920;-0.47876921;11.00
0.05405405;-0.14548668;11.00
0.05405405;0.12374553;11.00
0.29729730;-0.16389447;12.00
0.05405405;0.16659908;12.00
0.08108108;0.07907721;12.00
0.05405405;-0.17958492;12.00
0.05405405;-0.12575381;11.00
0.05405405;0.22252609;12.00
0.51351351;0.08422529;12.00
0.40540540;0.34100825;12.00
0.08108108;-0.19351853;12.00
0.02702703;0.31505752;12.00
0.05405405;-0.08736655;12.00
0.18918920;-0.47940579;12.00
0.24324325;0.12771030;12.00
0.08108108;0.14170931;12.00
0.05405405;0.16220954;11.00
0.08108108;0.12028892;12.00
0.08108108;0.15075746;11.00
0.05405405;0.24745004;11.00
0.05405405;0.09115205;12.00
0.24324325;-0.11046790;12.00
0.05405405;0.12985855;11.00
0.08108108;-0.04477789;12.00
0.05405405;-0.10179738;11.00
0.08108108;0.14219260;12.00
0.05405405;-0.11609261;12.00
0.08108108;0.14179909;12.00
0.27027026;0.20716919;11.00
0.21621622;0.18108575;12.00
0.16216215;-0.41304359;12.00
0.05405405;-0.00934434;11.00
0.10810811;0.13641129;12.00
0.10810811;0.13049592;11.00
0.56756759;0.43187389;12.00
0.08108108;0.02549107;11.00
0.29729730;0.31343505;11.00
0.05405405;0.13469921;12.00
0.27027026;-0.28689995;11.00
0.05405405;0.09924394;12.00
0.05405405;0.16228971;12.00
0.86486489;0.76491004;11.00
0.05405405;0.25764740;12.00
0.40540540;0.11170059;12.00
0.02702703;0.22151603;12.00
0.05405405;0.29748994;11.00
0.43243244;-0.02512048;12.00
0.24324325;-0.25039342;12.00
0.08108108;0.10946152;11.00
0.35135135;-0.13187093;11.00
0.05405405;0.11844437;12.00
0.05405405;0.07698027;11.00
0.08108108;-0.12124380;11.00
0.16216215;0.21921889;12.00
0.02702703;0.02622203;12.00
0.05405405;-0.15883742;11.00
0.05405405;0.05128684;12.00
0.05405405;-0.18475452;12.00
0.05405405;0.12567304;12.00
0.05405405;0.08292769;11.00
0.27027026;-0.33022478;12.00
0.08108108;0.15073545;12.00
0.05405405;0.14977123;12.00
0.02702703;-0.15831599;11.00
0.08108108;0.14764565;12.00
0.02702703;-0.12625122;11.00
0.40540540;-0.08424323;11.00
0.10810811;0.13075145;11.00
0.05405405;0.51907754;12.00
0.05405405;0.11524294;12.00
0.05405405;0.17599869;11.00
0.05405405;0.15201406;12.00
0.05405405;-0.02699980;12.00
0.05405405;0.12834582;11.00
0.16216215;-0.08122993;12.00
0.16216215;-0.45358175;11.00
0.37837839;-0.54127949;12.00
0.05405405;-0.00744904;12.00
0.05405405;0.12985855;12.00
0.35135135;-0.21555287;11.00
0.02702703;-0.10958572;12.00
0.29729730;0.60408074;11.00
0.08108108;0.12458031;12.00
0.37837839;-0.38657469;11.00
0.02702703;0.08132529;11.00
0.05405405;-0.17806053;11.00
0.45945945;0.52483791;12.00
0.05405405;0.09781101;11.00
0.08108108;0.16077183;11.00
0.10810811;0.14003484;12.00
0.35135135;-0.55479050;11.00
0.05405405;0.08043695;12.00
0.02702703;0.14647788;12.00
0.05405405;0.12753807;12.00
0.16216215;0.08596741;11.00
0.29729730;-0.37711892;11.00
0.05405405;0.15835558;12.00
0.10810811;0.03250414;12.00
0.16216215;0.06623243;12.00
0.10810811;-0.10724073;12.00
0.62162161;0.36111596;12.00
0.51351351;0.45662683;11.00
0.24324325;-0.33787033;11.00
0.21621622;-0.45571139;11.00
0.05405405;0.11758018;11.00
0.08108108;-0.22329843;12.00
0.08108108;0.13368979;12.00
0.27027026;0.13944873;12.00
0.02702703;-0.03958466;12.00
0.27027026;0.49008936;12.00
0.02702703;0.28287309;12.00
0.13513514;0.19093695;12.00
0.05405405;0.01223705;12.00
0.10810811;0.28454459;10.00
0.08108108;0.13898513;10.00
0.24324325;0.13850240;12.00
0.10810811;-0.31251329;10.00
0.24324325;0.08758574;12.00
0.05405405;0.12720221;12.00
0.13513514;-0.21258049;12.00
0.05405405;0.11190620;12.00
0.08108108;-0.22980995;10.00
0.05405405;0.09319089;10.00
0.05405405;0.11796446;12.00
0.08108108;0.22982870;12.00
0.18918920;-0.48763424;12.00
0.08108108;0.37528205;12.00
0.48648649;-0.24076620;12.00
0.24324325;-0.24439089;12.00
0.08108108;0.13584363;12.00
0.05405405;-0.12256803;12.00
0.13513514;0.24961236;12.00
0.10810811;-0.05927902;12.00
0.05405405;0.13516346;12.00
0.21621622;0.27171421;12.00
0.16216215;0.35292143;12.00
0.29729730;0.09981891;12.00
0.05405405;0.07853115;10.00
0.08108108;0.20836341;12.00
0.13513514;-0.41186523;12.00
0.02702703;-0.15916522;10.00
0.08108108;-0.28248066;10.00
0.05405405;-0.10485235;12.00
0.05405405;0.10615743;12.00
0.08108108;-0.19306217;10.00
0.05405405;0.05594715;12.00
0.08108108;-0.22103952;12.00
0.24324325;0.57296580;10.00
0.08108108;0.16948594;12.00
0.35135135;-0.31579971;12.00
0.05405405;0.50104213;12.00
0.02702703;0.42649546;16.00
0.05405405;-0.21585028;12.00
0.37837839;0.30756634;12.00
0.08108108;0.13075145;12.00
0.40540540;0.05398630;12.00
0.18918920;0.34824780;12.00
0.05405405;-0.16957530;12.00
0.45945945;-0.29936123;10.00
0.29729730;0.38884762;12.00
0.10810811;0.02304927;10.00
0.05405405;-0.14385088;12.00
0.48648649;-0.13975593;10.00
0.05405405;0.10521028;12.00
0.10810811;0.13312551;16.00
0.45945945;-0.18916525;12.00
0.05405405;0.16671455;12.00
0.48648649;-0.38120455;10.00
0.05405405;0.14828692;12.00
0.08108108;0.16410029;10.00
0.10810811;-0.29629275;12.00
0.05405405;0.14477935;12.00
0.05405405;0.32444781;12.00
0.16216215;0.44025007;12.00
0.10810811;0.18226092;12.00
0.05405405;0.29634720;12.00
0.18918920;-0.45624673;12.00
0.08108108;0.18734874;12.00
0.10810811;-0.22860511;12.00
0.08108108;-0.08219258;12.00
0.08108108;-0.23444866;12.00
0.56756759;0.54329801;12.00
0.13513514;-0.35305104;12.00
0.18918920;0.22941951;12.00
0.18918920;-0.04378670;12.00
0.27027026;0.55926085;12.00
0.05405405;0.13493596;12.00
0.08108108;0.14228311;12.00
0.13513514;-0.16730481;12.00
0.05405405;-0.21011573;12.00
0.08108108;-0.23367342;12.00
0.16216215;0.08746836;12.00
0.18918920;0.31491104;10.00
0.29729730;-0.30899993;10.00
0.43243244;0.04141689;12.00
0.02702703;0.10473524;12.00
0.05405405;0.09205855;12.00
0.10810811;0.02304927;12.00
0.18918920;-0.03817431;10.00
0.05405405;0.20759706;12.00
0.05405405;0.14254931;10.00
0.05405405;0.11190620;12.00
0.05405405;-0.14371875;12.00
0.08108108;0.12985855;12.00
0.40540540;0.48640031;12.00
0.29729730;-0.28441963;12.00
0.05405405;0.11621575;12.00
0.02702703;-0.03771926;10.00
0.08108108;0.15619354;12.00
0.02702703;0.06500543;10.00
0.10810811;0.14114885;12.00
0.29729730;0.37858462;10.00
0.21621622;0.26899192;10.00
0.05405405;0.07432062;12.00
0.05405405;0.05387069;12.00
0.29729730;0.14698714;12.00
0.32432431;-0.25362605;16.00
0.37837839;-0.24891269;10.00
0.21621622;-0.23780677;12.00
0.21621622;0.47102919;12.00
0.08108108;-0.22096533;12.00
0.45945945;0.40718520;12.00
0.05405405;0.10759851;12.00
0.05405405;0.04529228;12.00
0.05405405;0.15179375;12.00
0.37837839;0.42455596;10.00
0.37837839;-0.49193564;12.00
0.32432431;-0.15067181;12.00
0.05405405;0.26827106;12.00
0.51351351;-0.27778241;12.00
0.16216215;-0.43247178;12.00
0.10810811;0.13922159;12.00
0.37837839;0.39810023;10.00
0.05405405;0.10529673;12.00
0.16216215;-0.42924297;12.00
0.43243244;-0.55504096;12.00
0.05405405;0.16828747;12.00
0.08108108;0.31936681;10.00
0.24324325;-0.32609916;10.00
0.21621622;0.17252494;12.00
0.05405405;0.09121628;10.00
0.29729730;-0.55077225;10.00
0.32432431;-0.20428734;12.00
0.08108108;0.41059729;12.00
0.02702703;0.07802648;12.00
0.48648649;-0.53029114;12.00
0.54054052;0.40133137;12.00
0.08108108;-0.22837928;10.00
0.32432431;-0.25583181;12.00
0.16216215;0.06977978;12.00
0.05405405;0.14962746;10.00
0.29729730;0.20277870;12.00
0.08108108;-0.03466538;12.00
0.89189190;0.48045814;12.00
0.02702703;0.45619136;12.00
0.05405405;0.14127232;12.00
0.05405405;0.05400601;12.00
0.08108108;0.13561717;10.00
0.08108108;0.14477935;12.00
0.05405405;0.10289031;12.00
0.29729730;-0.20123537;12.00
0.13513514;-0.21468328;12.00
0.08108108;0.14837074;12.00
0.64864868;-0.35309592;12.00
0.29729730;-0.11188900;12.00
0.08108108;-0.32049328;12.00
0.05405405;0.34903422;12.00
0.32432431;-0.20464833;12.00
0.13513514;-0.20375416;12.00
0.10810811;-0.21830933;10.00
0.13513514;0.15118997;12.00
0.10810811;-0.13906081;10.00
0.56756759;0.49273977;12.00
0.35135135;-0.41391686;12.00
0.40540540;-0.33807859;12.00
0.13513514;-0.29874164;12.00
0.05405405;0.07519327;12.00
0.21621622;0.25971946;12.00
0.35135135;-0.12266926;10.00
0.51351351;0.53751642;14.00
0.05405405;0.15393634;12.00
0.05405405;0.16783048;12.00
0.02702703;-0.16712545;12.00
0.08108108;-0.21849458;10.00
0.16216215;-0.46815318;12.00
0.08108108;0.32216036;12.00
0.05405405;0.07112117;10.00
0.29729730;-0.55223155;12.00
0.05405405;0.24485120;12.00
0.08108108;0.15237321;12.00
0.05405405;0.22120635;12.00
0.05405405;0.14828692;10.00
0.29729730;-0.11865849;10.00
0.13513514;0.03739395;12.00
0.40540540;0.19079475;12.00
0.05405405;-0.10271001;12.00
0.05405405;0.01448937;12.00
0.13513514;-0.20313039;12.00
0.45945945;-0.45868075;12.00
0.02702703;0.20011851;12.00
0.54054052;-0.44231781;12.00
0.05405405;0.07655298;10.00
0.10810811;0.07160414;12.00
0.05405405;0.11493685;12.00
0.08108108;-0.21849458;10.00
0.40540540;0.32006490;12.00
0.08108108;-0.21846822;10.00
0.13513514;-0.13232301;12.00
0.13513514;0.11254813;12.00
0.05405405;0.20759706;12.00
0.02702703;0.28760943;12.00
0.05405405;0.19547574;12.00
0.16216215;0.16747874;12.00
0.02702703;0.21892840;10.00
0.05405405;0.06973896;12.00
0.02702703;0.16183786;12.00
0.35135135;-0.14358291;12.00
0.08108108;0.12607022;12.00
0.05405405;0.09924394;12.00
0.10810811;0.02304927;10.00
0.29729730;0.25309244;12.00
0.24324325;-0.33111328;12.00
0.05405405;0.15748884;12.00
0.45945945;0.27088958;10.00
0.24324325;-0.28443387;12.00
0.08108108;0.10801722;12.00
0.05405405;0.12456848;12.00
0.05405405;0.14157653;12.00
0.29729730;0.21425799;12.00
0.18918920;-0.27798587;12.00
0.05405405;0.11178596;10.00
0.24324325;0.18182652;12.00
0.35135135;-0.17318119;10.00
0.13513514;-0.10936872;12.00
0.16216215;-0.14361827;12.00
0.05405405;0.12100369;12.00
0.02702703;0.14895967;12.00
0.05405405;0.04796768;10.00
0.05405405;0.07629479;12.00
0.13513514;0.21752356;10.00
0.13513514;0.11878485;12.00
0.08108108;0.15357886;12.00
0.02702703;0.24305069;12.00
0.05405405;0.16348976;12.00
0.27027026;0.01505135;12.00
0.08108108;0.15048611;10.00
0.08108108;0.14828692;12.00
0.05405405;0.11949406;12.00
0.21621622;0.39853829;10.00
0.29729730;0.07785916;12.00
0.05405405;0.21518900;12.00
0.05405405;0.04991410;10.00
0.08108108;0.17111510;12.00
0.05405405;-0.19172449;12.00
0.10810811;-0.15036754;12.00
0.05405405;0.01223705;10.00
0.05405405;0.23711926;12.00
0.54054052;0.11823749;12.00
0.37837839;-0.11092661;12.00
0.08108108;-0.11183961;12.00
0.10810811;0.13922159;12.00
0.13513514;-0.14416178;12.00
0.54054052;0.35868305;12.00
0.05405405;0.12839468;12.00
0.40540540;0.31742138;12.00
0.05405405;0.09591296;12.00
0.02702703;0.08758050;12.00
0.08108108;0.39452228;16.00
0.40540540;-0.00481766;12.00
0.18918920;-0.17544307;12.00
0.29729730;-0.34884918;12.00
0.08108108;0.14307564;10.00
0.18918920;0.17376813;12.00
0.08108108;0.16760787;12.00
0.10810811;0.18349092;10.00
0.05405405;0.08893967;12.00
0.21621622;-0.37000668;12.00
0.37837839;0.29297087;12.00
0.16216215;-0.33445367;12.00
0.43243244;-0.24008708;10.00
0.05405405;0.11796446;12.00
0.27027026;-0.32794893;12.00
0.10810811;-0.16152470;12.00
0.18918920;0.07916041;12.00
0.08108108;-0.02868292;12.00
0.08108108;0.14567168;12.00
0.35135135;-0.25498191;12.00
0.35135135;-0.19684027;12.00
0.13513514;0.34930483;12.00
0.27027026;-0.28663856;12.00
0.08108108;0.18603587;12.00
0.05405405;0.09781101;12.00
0.08108108;0.41059729;16.00
0.05405405;-0.18753493;12.00
0.21621622;0.09997403;12.00
0.08108108;0.13776523;12.00
0.16216215;-0.13162862;12.00
0.08108108;0.20571579;10.00
0.43243244;-0.35433999;12.00
0.10810811;-0.20020027;12.00
0.45945945;0.32359976;12.00
0.40540540;-0.12282199;12.00
0.08108108;0.21240723;12.00
0.24324325;-0.28612891;12.00
0.05405405;0.14037970;12.00
0.10810811;0.20376459;12.00
0.27027026;0.32402474;12.00
0.05405405;0.00523578;12.00
0.08108108;-0.08576834;12.00
0.13513514;0.01087802;12.00
0.05405405;-0.10134108;12.00
0.05405405;0.13573609;12.00
0.24324325;-0.04554411;12.00
0.08108108;0.05025813;12.00
0.27027026;-0.07733165;12.00
0.05405405;0.15653971;12.00
0.02702703;0.03506668;10.00
0.05405405;0.12348362;10.00
0.24324325;-0.34779182;12.00
0.35135135;-0.24534300;12.00
0.08108108;-0.09732075;10.00
0.02702703;-0.27015814;12.00
0.08108108;0.13071865;12.00
0.16216215;0.03650341;12.00
0.13513514;-0.11818318;12.00
0.10810811;0.24182959;10.00
0.08108108;-0.23328571;12.00
0.08108108;-0.25569668;12.00
0.10810811;0.47933444;12.00
0.05405405;0.14127232;12.00
0.45945945;-0.28705844;12.00
0.05405405;-0.02644801;10.00
0.05405405;0.42907673;12.00
0.13513514;0.16126907;12.00
0.02702703;0.26490691;12.00
0.05405405;0.13597982;10.00
0.40540540;-0.02585883;12.00
0.08108108;0.18981737;10.00
0.24324325;-0.25518766;10.00
0.05405405;-0.11951225;12.00
0.05405405;0.06470378;12.00
0.08108108;0.12221642;12.00
0.05405405;0.26610893;12.00
0.02702703;0.12324808;12.00
0.02702703;0.06040983;12.00
0.35135135;0.28661779;10.00
0.10810811;-0.16962701;12.00
0.08108108;0.14505237;12.00
0.24324325;-0.43856150;12.00
0.05405405;0.06593882;12.00
0.32432431;0.22370312;12.00
0.10810811;0.13505736;12.00
0.37837839;0.31069440;10.00
0.10810811;0.03351002;12.00
0.35135135;0.39800307;12.00
0.40540540;-0.31621265;10.00
0.27027026;-0.48268643;12.00
0.02702703;-0.15020360;12.00
0.05405405;0.09089106;10.00
0.18918920;-0.23132429;12.00
0.05405405;0.09924394;12.00
0.05405405;0.08893967;12.00
0.40540540;-0.48975435;10.00
0.05405405;-0.22024868;12.00
0.27027026;0.07255810;12.00
0.05405405;0.11949406;12.00
0.27027026;-0.25362739;12.00
0.08108108;-0.29295170;10.00
0.05405405;0.12839468;12.00
0.08108108;0.16659908;10.00
0.10810811;0.08810620;12.00
0.08108108;0.39452228;12.00
0.29729730;-0.01663176;12.00
0.16216215;-0.43087089;12.00
0.24324325;-0.04940369;12.00
0.13513514;0.08305750;12.00
0.05405405;0.11138854;12.00
0.05405405;0.10481321;12.00
0.35135135;0.34014708;10.00
0.05405405;0.01570118;12.00
0.02702703;-0.08361902;12.00
0.08108108;-0.21914156;10.00
0.02702703;-0.02294573;10.00
0.32432431;-0.33085385;12.00
0.05405405;0.16228971;10.00
0.05405405;-0.12757395;12.00
0.02702703;0.01576061;12.00
0.40540540;0.21132499;12.00
0.08108108;0.41059729;10.00
0.05405405;0.42803398;12.00
0.16216215;-0.43087089;10.00
0.05405405;0.12295086;12.00
0.16216215;-0.01444779;12.00
0.02702703;-0.16507763;12.00
0.05405405;0.10481321;12.00
0.05405405;0.01846038;12.00
0.05405405;0.12290273;12.00
0.13513514;0.02792258;12.00
0.10810811;0.11075616;10.00
0.05405405;-0.18591110;12.00
0.02702703;0.08573049;10.00
0.35135135;-0.22666948;12.00
0.40540540;-0.25675315;12.00
0.05405405;0.03864732;12.00
0.32432431;-0.47250754;10.00
0.21621622;0.10324804;12.00
0.10810811;-0.02714586;12.00
0.08108108;-0.16751435;12.00
0.24324325;0.36053988;12.00
0.29729730;-0.14676264;12.00
0.05405405;0.08307920;12.00
0.10810811;0.19180214;10.00
0.10810811;0.13111632;12.00
0.05405405;0.13011189;10.00
0.40540540;0.32167321;12.00
0.08108108;0.12839468;12.00
0.32432431;-0.12368403;12.00
0.05405405;0.11138854;10.00
0.10810811;-0.13736877;12.00
0.08108108;-0.11965307;12.00
0.40540540;0.37896690;12.00
0.05405405;-0.19386318;12.00
0.16216215;0.01914670;10.00
0.05405405;-0.20487753;12.00
0.29729730;0.38224903;12.00
0.05405405;0.11493685;10.00
0.05405405;0.09924394;12.00
0.05405405;0.18140483;12.00
0.37837839;0.03974563;10.00
0.05405405;0.15129827;12.00
0.45945945;0.47091159;12.00
0.27027026;-0.22358535;12.00
0.10810811;-0.15036754;12.00
0.05405405;0.08307920;12.00
0.27027026;0.27724826;12.00
0.43243244;-0.30927896;12.00
0.05405405;0.21569613;10.00
0.05405405;0.24316411;12.00
0.40540540;-0.32222113;12.00
0.08108108;0.00404478;12.00
0.05405405;0.11178596;12.00
0.08108108;0.12799689;12.00
0.08108108;0.23900750;12.00
0.10810811;0.06149021;12.00
0.40540540;0.31327185;10.00
0.10810811;0.06856359;12.00
0.24324325;-0.35770077;12.00
0.05405405;0.11361301;12.00
0.18918920;-0.41743782;12.00
0.08108108;0.31252787;12.00
0.02702703;0.07218640;12.00
0.13513514;-0.00787054;12.00
0.24324325;0.20800410;12.00
0.05405405;0.29705608;12.00
0.02702703;0.14958918;12.00
0.05405405;0.51711571;12.00
0.27027026;0.21531507;12.00
0.29729730;-0.28873104;10.00
0.08108108;0.12999345;12.00
0.05405405;-0.00581792;12.00
0.05405405;-0.14733826;12.00
0.51351351;0.36893842;12.00
0.05405405;0.09012771;10.00
0.43243244;-0.32122737;12.00
0.08108108;0.15383367;12.00
0.18918920;0.04148864;12.00
0.05405405;0.11989161;12.00
0.05405405;0.11316274;10.00
0.40540540;0.47195488;10.00
0.16216215;0.17028843;10.00
0.08108108;0.26884586;12.00
0.10810811;0.19047581;12.00
0.05405405;0.05309015;12.00
0.08108108;-0.24272656;12.00
0.08108108;-0.23450825;12.00
0.32432431;0.19032973;12.00
0.18918920;-0.17361695;12.00
0.02702703;0.10311320;12.00
0.08108108;0.15245420;12.00
0.29729730;0.29788694;12.00
0.08108108;0.12025385;12.00
0.43243244;-0.37847948;12.00
0.08108108;0.03331205;12.00
0.24324325;0.15770416;12.00
0.64864868;-0.34600508;12.00
0.05405405;0.13336538;12.00
0.10810811;-0.02042882;12.00
0.27027026;-0.47155660;16.00
0.13513514;-0.19216691;12.00
0.16216215;-0.13788322;12.00
0.29729730;-0.55885226;10.00
0.16216215;-0.16845120;10.00
0.37837839;0.29303265;12.00
0.05405405;0.09121628;10.00
0.02702703;-0.19988737;12.00
0.08108108;-0.24219148;12.00
0.16216215;0.02726236;10.00
0.37837839;-0.42994720;12.00
0.02702703;-0.19298114;10.00
0.29729730;0.28934008;12.00
0.16216215;0.00735169;12.00
0.37837839;-0.19374169;12.00
0.05405405;0.18471408;10.00
0.08108108;-0.18895593;12.00
0.05405405;0.18330510;12.00
0.05405405;-0.01400418;12.00
0.08108108;0.33429798;12.00
0.18918920;0.39916065;12.00
0.08108108;0.15061884;10.00
0.45945945;0.46665934;12.00
0.24324325;-0.31998345;12.00
0.05405405;-0.06367951;12.00
0.05405405;0.12985855;12.00
0.08108108;0.18014479;12.00
0.16216215;0.25914335;12.00
0.08108108;0.17348567;12.00
0.16216215;-0.39581528;10.00
0.05405405;0.00434222;12.00
0.16216215;0.27447033;12.00
0.24324325;0.13888478;12.00
0.51351351;0.38728380;12.00
0.08108108;0.13654368;12.00
0.40540540;-0.33807859;12.00
0.05405405;-0.10681671;12.00
0.48648649;-0.24076620;10.00
0.05405405;0.19132693;10.00
0.13513514;0.06738158;12.00
0.35135135;-0.20363204;10.00
0.13513514;0.12776326;12.00
0.10810811;-0.36257130;12.00
0.05405405;0.12374553;12.00
0.08108108;0.13304333;12.00
0.29729730;-0.28826255;12.00
0.08108108;0.16548713;12.00
0.08108108;0.20836341;12.00
0.18918920;-0.21245733;12.00
0.02702703;0.21971756;12.00
0.05405405;0.05083079;12.00
0.08108108;0.16760787;12.00
0.21621622;-0.27419823;12.00
0.05405405;-0.01783182;10.00
0.08108108;0.19570109;10.00
0.05405405;0.18026567;10.00
0.18918920;-0.22276184;12.00
0.05405405;-0.08415391;12.00
0.02702703;-0.10469416;12.00
0.05405405;0.14037970;12.00
0.13513514;0.05619870;12.00
0.08108108;0.18954317;12.00
0.32432431;0.44750318;10.00
0.32432431;-0.36796105;10.00
0.05405405;0.10230698;12.00
0.37837839;-0.27542761;12.00
0.05405405;0.10355350;12.00
0.05405405;0.06926714;10.00
0.08108108;0.12962086;12.00
0.05405405;0.08123162;10.00
0.10810811;0.09911478;12.00
0.05405405;0.17149253;12.00
0.05405405;0.00398092;8.00
0.27027026;-0.05418341;12.00
0.18918920;-0.28957632;16.00
0.18918920;0.14398186;12.00
0.05405405;0.14477935;12.00
0.05405405;0.10521028;8.00
0.10810811;-0.11748260;12.00
0.21621622;0.12192346;12.00
0.05405405;-0.07653961;12.00
0.05405405;0.14490871;12.00
0.05405405;0.14386180;12.00
0.10810811;0.04452897;12.00
0.05405405;0.12430296;12.00
0.94594598;-0.47488648;8.00
0.05405405;0.08968411;8.00
0.35135135;-0.61477548;12.00
0.05405405;0.16656440;12.00
0.05405405;0.15970069;12.00
0.08108108;0.18421429;12.00
0.21621622;0.00891213;12.00
0.37837839;-0.53594762;12.00
0.37837839;0.23804869;12.00
0.18918920;-0.03338557;12.00
0.05405405;-0.10652652;8.00
0.08108108;-0.09478162;12.00
0.08108108;-0.11598057;12.00
0.24324325;0.10005401;12.00
0.18918920;0.14386180;12.00
0.08108108;0.19532599;12.00
0.10810811;-0.03569921;12.00
0.02702703;-0.20417762;12.00
0.10810811;0.13498218;12.00
0.10810811;0.03549265;12.00
0.05405405;0.14624798;12.00
0.05405405;0.25764740;16.00
0.08108108;0.44908595;12.00
0.08108108;0.13145381;12.00
0.05405405;0.14764565;8.00
0.43243244;-0.04285593;12.00
0.05405405;0.11556255;12.00
0.05405405;0.28326780;12.00
0.29729730;-0.12597519;16.00
0.37837839;-0.39699021;12.00
0.02702703;-0.18903293;12.00
0.32432431;0.43013716;12.00
0.08108108;0.11804035;12.00
0.05405405;0.11205040;8.00
0.13513514;-0.05900003;12.00
0.02702703;0.04595226;12.00
0.05405405;0.15530102;12.00
0.05405405;0.12624405;8.00
0.05405405;0.36237314;12.00
0.05405405;0.04227034;12.00
0.05405405;-0.09007216;8.00
0.27027026;-0.46309513;8.00
0.13513514;0.01317828;12.00
0.18918920;0.07349980;12.00
0.45945945;0.49313733;12.00
0.29729730;-0.15199450;12.00
0.27027026;-0.36750025;12.00
0.05405405;-0.15646164;12.00
0.21621622;-0.19307396;12.00
0.21621622;-0.00438835;8.00
0.40540540;-0.33551791;12.00
0.05405405;0.35245183;12.00
0.05405405;0.17372319;12.00
0.05405405;0.10016395;12.00
0.05405405;0.19132693;12.00
0.05405405;-0.10544759;8.00
0.35135135;0.23117498;16.00
0.05405405;0.00891899;16.00
0.05405405;-0.15952887;8.00
0.18918920;-0.00946707;12.00
0.08108108;-0.04536483;12.00
0.08108108;0.13497011;16.00
0.35135135;-0.06012131;16.00
0.05405405;0.07720293;12.00
0.35135135;0.01234978;12.00
0.05405405;0.13330656;12.00
0.18918920;-0.21367350;12.00
0.05405405;0.26347101;12.00
0.02702703;-0.10712258;8.00
0.13513514;0.23825118;16.00
0.16216215;0.24144965;12.00
0.02702703;0.05123485;12.00
0.08108108;0.02499079;8.00
0.05405405;0.28221911;12.00
0.13513514;0.14687137;12.00
0.45945945;0.42685324;12.00
0.32432431;-0.42305213;12.00
0.10810811;-0.12575381;12.00
0.32432431;0.18267074;16.00
0.08108108;0.12686485;12.00
0.05405405;0.22941850;12.00
0.05405405;0.15824616;12.00
0.02702703;-0.22927035;12.00
0.02702703;0.05332777;12.00
0.08108108;0.56758994;12.00
0.05405405;0.13696499;8.00
0.54054052;0.47102326;12.00
0.21621622;0.10765456;12.00
0.05405405;-0.01270561;12.00
0.40540540;0.08582815;12.00
0.05405405;0.11371347;12.00
0.08108108;-0.30364802;12.00
0.05405405;0.08804921;12.00
0.08108108;-0.00415324;16.00
0.21621622;-0.17323095;12.00
0.16216215;-0.43084460;16.00
0.10810811;-0.22713941;12.00
0.05405405;-0.12114029;12.00
0.08108108;0.12261336;12.00
0.08108108;0.16760787;16.00
0.08108108;0.20684227;12.00
0.21621622;0.24536514;12.00
0.13513514;-0.35796922;16.00
0.24324325;0.18846579;12.00
0.45945945;-0.30064183;12.00
0.13513514;0.29229942;12.00
0.08108108;0.22180271;8.00
0.05405405;0.27107126;12.00
0.21621622;-0.44635785;12.00
0.05405405;-0.14059496;12.00
0.24324325;-0.21998787;12.00
0.16216215;-0.38707718;8.00
0.21621622;-0.44019565;12.00
0.35135135;-0.50888878;12.00
0.08108108;0.14764565;12.00
0.08108108;0.17812929;8.00
0.05405405;0.23900750;12.00
0.02702703;0.15192775;12.00
0.05405405;0.07850987;12.00
0.29729730;-0.28663856;12.00
0.13513514;0.21222031;12.00
0.37837839;-0.39842045;12.00
0.05405405;0.13604100;12.00
0.05405405;-0.12625122;12.00
0.10810811;-0.13921039;12.00
0.05405405;0.07643086;12.00
0.05405405;0.12997666;12.00
0.10810811;-0.22981028;12.00
0.27027026;-0.34278402;16.00
0.24324325;-0.41532692;16.00
0.10810811;0.14491495;12.00
0.05405405;0.13140562;12.00
0.24324325;0.20613872;8.00
0.08108108;0.13794161;12.00
0.08108108;0.15179375;12.00
0.05405405;0.42256027;16.00
0.08108108;-0.07468484;12.00
0.08108108;0.14693566;12.00
0.02702703;-0.06653133;12.00
0.05405405;0.23500794;12.00
0.08108108;0.19532599;12.00
0.05405405;0.08123162;12.00
0.21621622;-0.10196490;8.00
0.05405405;0.23500794;8.00
0.29729730;-0.28663856;12.00
0.35135135;-0.19436584;12.00
0.43243244;0.29921135;12.00
0.27027026;0.28535143;12.00
0.21621622;0.22330114;12.00
0.10810811;0.04343509;12.00
0.08108108;0.14852175;12.00
0.40540540;-0.16011828;12.00
0.08108108;-0.26864001;12.00
0.10810811;0.17293181;12.00
0.05405405;0.10521028;12.00
0.51351351;0.46770349;12.00
0.27027026;-0.32701272;8.00
0.08108108;0.07159418;12.00
0.16216215;-0.37570867;12.00
0.05405405;0.13125236;12.00
0.13513514;0.07757720;12.00
0.05405405;-0.11275288;16.00
0.05405405;0.10946152;12.00
0.05405405;0.01748819;12.00
0.29729730;0.21915579;12.00
0.02702703;0.12443726;12.00
0.08108108;0.12752406;16.00
0.67567569;0.50822890;12.00
0.16216215;-0.41138959;12.00
0.05405405;0.15179375;12.00
0.24324325;-0.36103275;12.00
0.08108108;0.05505000;12.00
0.10810811;0.07396438;12.00
0.21621622;-0.25070980;12.00
0.05405405;0.11899998;8.00
0.05405405;-0.24789487;12.00
0.35135135;-0.33960834;12.00
0.08108108;0.10777190;12.00
0.05405405;0.12567304;12.00
0.05405405;0.07810712;12.00
0.05405405;0.08770920;12.00
0.29729730;0.25582734;16.00
0.10810811;-0.04305488;12.00
0.05405405;-0.12345452;12.00
0.05405405;0.23782797;12.00
0.48648649;0.44115013;8.00
0.45945945;0.35298982;12.00
0.08108108;-0.28498179;12.00
0.05405405;0.06249530;12.00
0.75675678;-0.39883980;12.00
0.05405405;0.12834582;12.00
0.02702703;0.17136055;12.00
0.21621622;-0.10765592;16.00
0.08108108;-0.21035498;12.00
0.21621622;0.16488169;12.00
0.16216215;-0.17123668;12.00
0.05405405;0.14831950;12.00
0.16216215;-0.27605221;8.00
0.10810811;-0.22355589;12.00
0.05405405;0.12887779;12.00
0.18918920;0.36594039;12.00
0.02702703;0.01432136;12.00
0.05405405;0.22252609;12.00
0.08108108;0.11796446;12.00
0.16216215;0.10299511;16.00
0.29729730;-0.11587635;12.00
0.27027026;0.15166467;8.00
0.08108108;0.31252787;12.00
0.08108108;0.12527561;12.00
0.05405405;0.08973421;8.00
0.08108108;0.14542627;12.00
0.54054052;0.50770319;12.00
0.43243244;0.38394192;12.00
0.05405405;0.42803398;12.00
0.05405405;0.08785599;12.00
0.08108108;0.15177515;8.00
0.35135135;0.23695618;12.00
0.37837839;-0.11074374;16.00
0.02702703;0.06481212;12.00
0.24324325;-0.43813565;12.00
0.21621622;0.17852861;12.00
0.05405405;-0.18743171;12.00
0.54054052;0.00422530;12.00
0.05405405;0.10749219;8.00
0.24324325;0.21050985;12.00
0.05405405;-0.12114029;12.00
0.08108108;0.18330510;12.00
0.05405405;0.23500794;8.00
0.08108108;0.12284404;12.00
0.32432431;-0.15537842;12.00
0.21621622;0.03977751;12.00
0.18918920;0.16440669;12.00
0.02702703;0.20761633;8.00
0.13513514;-0.37087804;12.00
0.13513514;-0.38707718;16.00
0.08108108;0.41059729;12.00
0.05405405;0.12456565;8.00
0.08108108;0.16202371;12.00
0.05405405;0.13569516;12.00
0.13513514;0.16464129;8.00
0.10810811;0.16192038;8.00
0.05405405;0.12567304;12.00
0.05405405;0.12333926;12.00
0.18918920;-0.48437938;12.00
0.05405405;0.14477935;8.00
0.56756759;0.45560774;12.00
0.08108108;0.11672401;8.00
0.05405405;0.13013682;12.00
0.08108108;0.03931756;8.00
0.05405405;-0.25290620;12.00
0.37837839;0.28614581;12.00
0.05405405;0.08076064;8.00
0.05405405;0.24903481;12.00
0.05405405;0.28221911;12.00
0.02702703;-0.13449818;8.00
0.18918920;-0.08967289;12.00
0.05405405;0.11898489;12.00
0.32432431;0.02238720;8.00
0.54054052;-0.25021368;12.00
0.08108108;0.20836341;12.00
0.05405405;0.49504155;12.00
0.05405405;0.12025939;8.00
0.08108108;0.16760787;8.00
0.37837839;-0.37352762;12.00
0.05405405;-0.04015816;8.00
0.05405405;0.36237314;12.00
0.10810811;0.05159945;12.00
0.08108108;-0.11092409;12.00
0.10810811;-0.21252169;16.00
0.10810811;0.20919825;12.00
0.13513514;0.18913418;12.00
0.35135135;-0.14030337;12.00
0.24324325;-0.26423413;12.00
0.05405405;0.15381509;8.00
0.08108108;0.12454040;8.00
0.24324325;0.35676908;8.00
0.05405405;0.13696499;12.00
0.05405405;0.13891511;12.00
0.08108108;0.06379174;8.00
0.27027026;0.31577149;12.00
0.08108108;-0.17043547;12.00
0.08108108;0.37844816;12.00
0.05405405;0.08236386;8.00
0.05405405;0.15530102;12.00
0.18918920;-0.23147602;12.00
0.05405405;0.05836632;16.00
0.45945945;0.33972347;12.00
0.35135135;-0.09695835;12.00
0.18918920;-0.50223207;12.00
0.40540540;-0.10519155;12.00
0.16216215;-0.47140884;8.00
0.05405405;0.28819525;12.00
0.32432431;0.26831779;8.00
0.08108108;0.12646693;12.00
0.27027026;0.44539875;12.00
0.05405405;0.15179375;12.00
0.37837839;-0.36264151;8.00
0.05405405;0.35785678;12.00
0.24324325;-0.36644566;12.00
0.24324325;0.66381776;12.00
0.05405405;-0.16662399;8.00
0.08108108;0.12374553;16.00
0.10810811;0.13264543;12.00
0.08108108;-0.20237125;16.00
0.29729730;0.12604344;12.00
0.05405405;0.11178596;8.00
0.62162161;0.49931562;12.00
0.05405405;0.43957961;16.00
0.32432431;0.26738951;12.00
0.27027026;-0.27173078;8.00
0.43243244;-0.34303096;12.00
0.08108108;-0.10202640;12.00
0.43243244;0.64102000;12.00
0.05405405;0.11796446;8.00
0.32432431;0.26033211;12.00
0.32432431;-0.36263928;12.00
0.48648649;0.46240827;12.00
0.08108108;0.18732746;8.00
0.16216215;-0.45030057;12.00
0.02702703;0.02023098;12.00
0.18918920;0.22823268;12.00
0.05405405;0.14199658;12.00
0.32432431;0.18418512;12.00
0.02702703;-0.12284335;12.00
0.10810811;-0.19794619;12.00
0.13513514;-0.27183804;12.00
0.05405405;0.12261336;8.00
0.08108108;-0.19545396;12.00
0.16216215;-0.19212909;8.00
0.05405405;0.09319089;12.00
0.43243244;0.32023203;12.00
0.05405405;0.08468813;8.00
0.05405405;0.08436629;12.00
0.05405405;0.12635098;8.00
0.21621622;-0.40391299;12.00
0.29729730;0.15612093;12.00
0.43243244;0.16759390;12.00
0.18918920;0.25718459;12.00
0.37837839;-0.42346454;12.00
0.05405405;0.15179375;12.00
0.02702703;0.05123485;8.00
0.05405405;0.15824616;12.00
0.05405405;0.12839468;12.00
0.05405405;0.10946152;12.00
0.32432431;0.01821652;8.00
0.13513514;-0.32871252;16.00
0.05405405;0.04156082;8.00
0.32432431;-0.55735344;12.00
0.05405405;-0.15348612;16.00
0.37837839;-0.13771208;12.00
0.16216215;0.26720253;12.00
0.08108108;0.14764565;12.00
0.10810811;0.14917910;16.00
0.43243244;0.31896514;12.00
0.27027026;-0.43798816;12.00
0.05405405;0.16659908;12.00
0.05405405;0.35076922;16.00
0.08108108;-0.18929903;12.00
0.43243244;0.33083683;12.00
0.21621622;0.21147425;8.00
0.16216215;-0.17647256;12.00
0.05405405;-0.07768766;12.00
0.18918920;0.20173955;12.00
0.10810811;0.18624116;12.00
0.05405405;-0.17670625;12.00
0.08108108;0.15584333;12.00
0.05405405;0.14477935;12.00
0.24324325;-0.20943251;12.00
0.05405405;0.10906058;16.00
0.16216215;-0.45681071;12.00
0.08108108;-0.03755140;12.00
0.40540540;-0.11883564;12.00
0.02702703;-0.14209101;16.00
0.16216215;-0.22402114;12.00
0.13513514;-0.36097488;12.00
0.05405405;0.27069098;12.00
0.05405405;0.10064484;12.00
0.59459460;0.14319158;12.00
0.05405405;0.02444494;12.00
0.35135135;-0.09695835;12.00
0.08108108;0.00685253;12.00
0.02702703;0.11678258;12.00
0.05405405;0.14650376;16.00
0.05405405;0.15948717;12.00
0.13513514;0.21660845;12.00
0.05405405;-0.02639411;12.00
0.08108108;0.13344003;16.00
0.08108108;-0.25211927;12.00
0.64864868;-0.55232906;12.00
0.35135135;-0.12575716;12.00
0.27027026;-0.23570904;12.00
0.10810811;0.36224577;12.00
0.05405405;-0.21954837;12.00
0.05405405;0.27912477;12.00
0.05405405;0.11949406;12.00
0.05405405;0.14828692;12.00
0.27027026;-0.51568192;12.00
0.05405405;-0.10727312;16.00
0.24324325;0.24504596;12.00
0.05405405;-0.10179738;12.00
0.32432431;0.43103307;12.00
0.37837839;0.38603002;12.00
0.32432431;-0.20591170;12.00
0.05405405;0.17376395;12.00
0.05405405;0.12567304;12.00
0.29729730;-0.21561550;12.00
0.43243244;0.40512425;12.00
0.21621622;-0.45663059;12.00
0.45945945;0.33445424;16.00
0.05405405;0.11603890;12.00
0.40540540;-0.32822934;12.00
0.08108108;-0.19919436;8.00
0.51351351;0.35895202;12.00
0.05405405;0.18113726;12.00
0.13513514;-0.28491390;12.00
0.27027026;0.22060670;12.00
0.05405405;0.09472337;12.00
0.40540540;0.51999390;12.00
0.02702703;0.00565203;12.00
0.05405405;0.10383472;8.00
0.13513514;-0.42027137;8.00
0.08108108;0.13264543;12.00
0.40540540;-0.38033369;12.00
0.24324325;-0.27758127;12.00
0.05405405;0.09344459;12.00
0.05405405;-0.15022962;12.00
0.05405405;-0.14785935;12.00
0.51351351;0.44532979;8.00
0.40540540;-0.13246086;12.00
0.05405405;-0.10872373;12.00
0.05405405;0.11205040;12.00
0.29729730;-0.17480505;12.00
0.32432431;0.25519469;12.00
0.21621622;-0.47437546;12.00
0.02702703;0.08225750;8.00
0.08108108;0.14558379;8.00
0.54054052;0.34904781;12.00
0.40540540;-0.56472206;8.00
0.24324325;0.65409279;12.00
0.05405405;0.11221693;12.00
0.21621622;-0.03860829;8.00
0.08108108;0.14505237;12.00
0.08108108;0.13101666;16.00
0.05405405;0.04164995;12.00
0.21621622;0.62764037;12.00
0.37837839;-0.57009089;12.00
0.05405405;0.24885021;12.00
0.02702703;-0.18324505;12.00
0.10810811;0.16497958;12.00
0.05405405;0.02880337;12.00
0.08108108;0.13032170;12.00
0.05405405;0.04413132;12.00
0.08108108;-0.04432033;12.00
0.18918920;0.36706138;12.00
0.05405405;0.16616662;12.00
0.29729730;-0.40708742;8.00
0.05405405;0.44681782;12.00
0.08108108;0.16901647;12.00
0.27027026;-0.34557337;16.00
0.05405405;0.09090775;12.00
0.21621622;-0.39666000;12.00
0.05405405;-0.15023036;16.00
0.16216215;-0.15142669;12.00
0.05405405;-0.19068763;12.00
0.21621622;0.27493474;8.00
0.02702703;0.16701043;12.00
0.05405405;0.10357590;12.00
0.27027026;0.53552037;12.00
0.37837839;-0.38201019;12.00
0.05405405;0.44084629;8.00
0.13513514;0.09454080;12.00
0.10810811;-0.14935338;12.00
0.05405405;-0.10130569;12.00
0.05405405;0.12567304;12.00
0.05405405;0.11685982;16.00
0.18918920;-0.43548223;12.00
0.05405405;0.05872248;8.00
0.37837839;0.28287303;8.00
0.35135135;0.24520926;12.00
0.29729730;0.17017838;12.00
0.05405405;0.23588699;12.00
0.24324325;-0.33460951;12.00
0.05405405;-0.08444621;12.00
0.10810811;-0.22013028;12.00
0.08108108;-0.18479437;12.00
0.43243244;0.33130851;12.00
0.45945945;0.65411997;12.00
0.05405405;0.09972052;8.00
0.05405405;0.08973421;12.00
0.51351351;0.30460337;12.00
0.29729730;-0.05492618;12.00
0.32432431;-0.30496946;8.00
0.27027026;0.20613872;8.00
0.08108108;0.29068637;12.00
0.05405405;-0.04259704;8.00
0.27027026;0.01469284;12.00
0.02702703;0.05505000;12.00
0.02702703;0.21150641;16.00
0.02702703;-0.16809633;12.00
0.08108108;-0.27230674;12.00
0.05405405;-0.23668584;12.00
0.05405405;0.02531172;12.00
0.24324325;0.16768068;12.00
0.10810811;-0.26341963;12.00
0.08108108;-0.22815537;12.00
0.29729730;0.26904035;8.00
0.05405405;-0.16805667;12.00
0.08108108;0.41059729;12.00
0.45945945;0.43013337;12.00
0.05405405;0.07170419;12.00
0.08108108;-0.10159777;12.00
0.16216215;0.28732327;12.00
0.08108108;-0.17852756;12.00
0.18918920;0.18301265;12.00
0.08108108;0.37844816;12.00
0.08108108;0.12646693;12.00
0.05405405;0.11722428;12.00
0.16216215;-0.20047292;8.00
0.02702703;0.08021390;12.00
0.05405405;0.11524294;12.00
0.24324325;-0.28082925;12.00
0.21621622;-0.00180523;16.00
0.37837839;-0.47535259;12.00
0.29729730;-0.36139590;16.00
0.02702703;-0.18425573;12.00
0.05405405;-0.05905383;12.00
0.05405405;-0.26956180;8.00
0.18918920;0.18876217;8.00
0.24324325;0.47659171;12.00
0.08108108;0.12952685;12.00
0.08108108;0.13111632;12.00
0.08108108;-0.01784499;8.00
0.05405405;-0.00110392;12.00
0.05405405;0.14116476;12.00
0.05405405;-0.07996551;12.00
0.05405405;0.22252609;12.00
0.05405405;-0.19260557;12.00
0.10810811;-0.19218379;12.00
0.05405405;0.19428310;16.00
0.27027026;0.10065442;12.00
0.35135135;-0.18020287;12.00
0.05405405;0.13257594;16.00
0.29729730;-0.19293594;12.00
0.21621622;0.36836475;12.00
0.05405405;-0.00843805;12.00
0.02702703;-0.03429385;12.00
0.08108108;0.01916053;8.00
0.05405405;0.15179375;16.00
0.08108108;-0.21019624;12.00
0.37837839;0.54137123;12.00
0.08108108;0.15798013;16.00
0.05405405;-0.18580388;12.00
0.40540540;-0.27853188;12.00
0.08108108;0.14828692;12.00
0.13513514;-0.34979525;12.00
0.08108108;0.16237070;12.00
0.05405405;0.11138854;12.00
0.18918920;-0.49083740;12.00
0.08108108;0.15179375;16.00
0.05405405;-0.14814681;12.00
0.08108108;-0.23530085;12.00
0.05405405;0.46289265;12.00
0.05405405;0.15160537;12.00
0.05405405;-0.00771167;12.00
0.10810811;0.18865483;12.00
0.05405405;0.23500794;12.00
0.21621622;0.06253273;12.00
0.13513514;0.03725131;12.00
0.16216215;0.10199688;8.00
0.70270270;0.07842294;12.00
0.05405405;0.09774894;8.00
0.08108108;0.12943842;12.00
0.05405405;0.07811250;12.00
0.08108108;0.37844816;12.00
0.18918920;0.35781994;12.00
0.48648649;-0.31678560;12.00
0.45945945;-0.43590331;12.00
0.05405405;0.08521774;12.00
0.05405405;0.10335131;12.00
0.13513514;0.34848014;12.00
0.05405405;-0.17831677;12.00
0.18918920;0.12576634;8.00
0.05405405;0.16122974;8.00
0.32432431;-0.04294199;12.00
0.05405405;0.11178596;12.00
0.05405405;-0.24136999;12.00
0.05405405;0.09398580;12.00
0.29729730;-0.00992899;12.00
0.05405405;0.07267466;12.00
0.32432431;0.06040554;16.00
0.08108108;0.06280996;12.00
0.37837839;-0.09069595;16.00
0.05405405;0.11493685;12.00
0.05405405;0.17833686;8.00
0.18918920;-0.29742002;12.00
0.02702703;0.19411796;16.00
0.02702703;0.09326512;12.00
0.05405405;0.12430296;12.00
0.91891891;-0.48641604;8.00
0.45945945;-0.60369396;12.00
0.37837839;-0.25894564;12.00
0.05405405;-0.19391654;8.00
0.29729730;-0.22769105;12.00
0.05405405;-0.06106554;12.00
0.05405405;0.17104629;8.00
0.35135135;0.30828696;12.00
0.27027026;0.14043926;12.00
0.05405405;0.12028892;12.00
0.02702703;-0.14059418;12.00
0.05405405;0.16915007;12.00
0.13513514;-0.29794231;8.00
0.21621622;-0.10765592;8.00
0.35135135;0.26284894;12.00
0.08108108;-0.00085384;12.00
0.24324325;0.03228889;8.00
0.05405405;0.17333700;12.00
0.72972971;-0.34781513;16.00
0.05405405;0.05557426;12.00
0.08108108;0.11989161;12.00
0.05405405;0.12872672;12.00
0.29729730;0.24097921;12.00
0.05405405;0.07032122;16.00
0.29729730;0.19999291;12.00
0.05405405;0.18774192;12.00
0.05405405;0.12142156;12.00
0.37837839;-0.10110460;16.00
0.40540540;0.44959193;12.00
0.05405405;0.11756716;12.00
0.08108108;-0.25522834;12.00
0.05405405;0.19369440;12.00
0.16216215;0.12865749;8.00
0.10810811;0.14732724;12.00
0.10810811;-0.22726406;12.00
0.16216215;-0.26660952;8.00
0.08108108;0.17581624;12.00
0.51351351;-0.25061592;12.00
0.51351351;0.47685349;16.00
0.05405405;0.10745264;12.00
0.27027026;-0.23685303;12.00
0.05405405;-0.08959793;12.00
0.05405405;0.03911160;12.00
0.05405405;0.19917181;12.00
0.02702703;-0.17103851;12.00
0.24324325;-0.34699780;16.00
0.05405405;0.10713717;12.00
0.37837839;0.09645846;12.00
0.40540540;0.34732786;8.00
0.08108108;0.26884586;12.00
0.08108108;-0.28313142;12.00
0.05405405;-0.18743171;8.00
0.05405405;0.15393634;12.00
0.21621622;-0.31680772;12.00
0.10810811;-0.05177255;12.00
0.37837839;-0.35096693;12.00
0.05405405;0.35535645;12.00
0.05405405;0.13145381;12.00
0.05405405;0.10362105;12.00
0.16216215;-0.01957080;8.00
0.29729730;-0.39979911;8.00
0.10810811;0.05012173;12.00
0.13513514;0.26496020;12.00
0.13513514;-0.17139535;12.00
0.37837839;0.62888378;12.00
0.05405405;0.12284404;12.00
0.59459460;0.46064195;12.00
0.13513514;0.10735381;16.00
0.21621622;-0.35636190;12.00
0.08108108;0.20018631;8.00
0.24324325;0.42884290;12.00
0.13513514;-0.22110161;12.00
0.05405405;0.12715417;8.00
0.08108108;-0.09223096;12.00
0.35135135;0.05617495;12.00
0.08108108;0.14620835;12.00
0.13513514;-0.28518993;12.00
0.05405405;0.15530102;12.00
0.18918920;0.00023825;8.00
0.13513514;0.10863101;16.00
0.05405405;-0.15822162;12.00
0.05405405;-0.14227635;16.00
0.10810811;-0.25760025;12.00
0.05405405;0.24485120;12.00
0.05405405;0.06530084;12.00
0.13513514;-0.18019454;12.00
0.05405405;0.14477935;12.00
0.21621622;0.37377200;16.00
0.13513514;-0.28313193;12.00
0.08108108;0.13650008;12.00
0.05405405;0.22621737;8.00
0.10810811;0.27631354;8.00
0.10810811;0.21921889;12.00
0.43243244;-0.18273063;12.00
0.10810811;0.28647146;12.00
0.05405405;0.06918810;12.00
0.05405405;-0.11145271;12.00
0.05405405;0.15824616;8.00
0.43243244;-0.60660350;12.00
0.05405405;-0.03144194;12.00
0.16216215;-0.46978089;12.00
0.21621622;-0.42952654;12.00
0.27027026;0.19574672;12.00
0.08108108;0.26199442;12.00
0.08108108;-0.20560336;8.00
0.24324325;-0.00317271;12.00
0.24324325;-0.23358881;12.00
0.10810811;-0.01108536;12.00
0.05405405;0.22113246;8.00
0.29729730;0.02045424;12.00
0.05405405;-0.11145271;12.00
0.35135135;-0.14296786;12.00
0.08108108;0.16314925;12.00
0.05405405;0.08828852;8.00
0.08108108;0.13344003;12.00
0.05405405;0.12181851;12.00
0.21621622;0.27645111;12.00
0.02702703;-0.05608323;8.00
0.45945945;0.57942581;12.00
0.32432431;0.37778962;12.00
0.16216215;-0.02268821;12.00
0.54054052;-0.11163955;12.00
0.10810811;0.13798128;8.00
0.08108108;0.05306181;12.00
0.05405405;0.07677761;12.00
0.08108108;0.14505237;8.00
0.21621622;-0.23651944;12.00
0.05405405;0.08236386;12.00
0.27027026;-0.33831775;12.00
0.27027026;0.60936129;12.00
0.35135135;-0.09122330;8.00
0.05405405;0.10565057;8.00
0.48648649;0.43104321;12.00
0.05405405;0.12374553;12.00
0.08108108;-0.38699734;12.00
0.27027026;-0.36178929;12.00
0.08108108;0.13882442;8.00
0.02702703;0.18011345;12.00
0.40540540;-0.51137459;8.00
0.05405405;-0.01634108;12.00
0.05405405;-0.15982346;12.00
0.59459460;0.48919424;12.00
0.48648649;0.50571769;16.00
0.18918920;0.16343373;12.00
0.05405405;0.09561625;12.00
0.02702703;0.06235372;12.00
0.05405405;0.11899998;12.00
0.37837839;0.27123758;12.00
0.05405405;-0.08094419;12.00
0.05405405;0.12365032;16.00
0.05405405;-0.02507551;12.00
0.54054052;-0.17204611;8.00
0.08108108;0.00798890;8.00
0.05405405;0.14549111;12.00
0.51351351;-0.49940112;16.00
0.05405405;0.21794438;12.00
0.18918920;-0.00434341;8.00
0.08108108;0.16499063;12.00
0.05405405;0.07586223;12.00
0.35135135;0.31722221;12.00
0.05405405;-0.09623212;12.00
0.08108108;-0.12069735;8.00
0.10810811;-0.10720174;12.00
0.37837839;-0.47106373;16.00
0.08108108;0.12952685;12.00
0.05405405;0.26614505;12.00
0.48648649;-0.24076620;16.00
0.08108108;0.12028892;12.00
0.05405405;-0.21258049;12.00
0.18918920;-0.15110767;8.00
0.10810811;0.27234456;8.00
0.08108108;0.17899558;12.00
0.05405405;-0.13278073;12.00
0.05405405;-0.18919253;8.00
0.24324325;0.28966284;12.00
0.16216215;-0.01492876;12.00
0.08108108;-0.12162364;12.00
0.02702703;-0.04501514;12.00
0.05405405;0.07698027;16.00
0.13513514;0.04373322;16.00
0.05405405;0.21901116;12.00
0.05405405;0.11099170;12.00
0.32432431;0.33585522;8.00
0.02702703;-0.07877279;12.00
0.37837839;0.35883084;16.00
0.78378379;-0.41567653;12.00
0.05405405;-0.07637134;8.00
0.18918920;-0.20503405;12.00
0.64864868;0.46039233;12.00
0.05405405;0.08701257;12.00
0.08108108;0.13071865;8.00
0.13513514;0.27419391;12.00
0.18918920;0.22772032;16.00
0.37837839;-0.40211093;12.00
0.32432431;0.71873510;8.00
0.02702703;-0.18254806;12.00
0.27027026;0.30244344;12.00
0.02702703;0.01395351;12.00
0.08108108;0.12361607;12.00
0.05405405;0.09466183;12.00
0.24324325;-0.41413453;12.00
0.48648649;-0.26263210;12.00
0.16216215;-0.40653226;12.00
0.32432431;-0.32028812;12.00
0.08108108;0.10521028;12.00
0.08108108;-0.16011226;12.00
0.32432431;-0.16962071;12.00
0.29729730;-0.24708714;12.00
0.54054052;-0.21237481;8.00
0.08108108;-0.07148071;12.00
0.40540540;-0.23410963;12.00
0.29729730;0.24177906;12.00
0.05405405;0.01404790;8.00
0.16216215;0.28225100;8.00
0.05405405;0.12456848;12.00
0.27027026;-0.04646644;12.00
0.05405405;0.11437237;12.00
0.56756759;-0.28666404;12.00
0.32432431;-0.27291495;8.00
0.05405405;0.10355350;12.00
0.05405405;0.16320767;12.00
0.08108108;0.16059370;12.00
0.08108108;0.41059729;12.00
0.08108108;0.11836448;12.00
0.35135135;-0.54331923;12.00
0.29729730;0.19557640;8.00
0.18918920;0.28567022;12.00
0.10810811;0.15984774;16.00
0.05405405;-0.15502943;12.00
0.24324325;0.30132598;8.00
0.24324325;0.04634755;12.00
0.27027026;-0.29949594;12.00
0.05405405;0.03845126;12.00
0.02702703;0.37739724;12.00
0.24324325;0.23630902;12.00
0.29729730;0.25053146;12.00
0.94594598;0.34100825;12.00
0.43243244;-0.42157647;16.00
0.54054052;0.48791426;12.00
0.08108108;-0.20605370;12.00
0.10810811;0.30268049;12.00
0.02702703;-0.05405439;12.00
0.05405405;0.11456551;8.00
0.21621622;-0.52498186;12.00
0.05405405;-0.21014287;12.00
0.21621622;-0.40391299;12.00
0.16216215;-0.08723038;12.00
0.18918920;-0.26230258;12.00
0.08108108;0.11672401;12.00
0.10810811;0.13124846;8.00
0.40540540;0.02408380;12.00
0.16216215;-0.02418732;12.00
0.27027026;-0.35648802;12.00
0.32432431;-0.34944358;12.00
0.18918920;0.26072556;12.00
0.05405405;0.18181194;12.00
0.16216215;-0.15446068;12.00
0.56756759;0.46152499;12.00
0.02702703;0.19869138;12.00
0.48648649;-0.57378107;16.00
0.18918920;0.16429055;12.00
0.72972971;-0.52239949;8.00
0.29729730;0.24049884;12.00
0.05405405;0.14170662;12.00
0.32432431;0.01855252;8.00
0.02702703;-0.14736462;12.00
0.05405405;0.26534134;16.00
0.16216215;0.25393701;12.00
0.21621622;0.21964747;8.00
0.32432431;-0.50494623;16.00
0.05405405;0.16919655;12.00
0.05405405;0.22068162;12.00
0.10810811;-0.18690690;8.00
0.05405405;0.06613490;16.00
0.13513514;0.01252519;12.00
0.08108108;0.11898489;12.00
0.29729730;-0.25465497;8.00
0.05405405;0.01077445;12.00
0.37837839;0.36012387;12.00
0.08108108;0.13344003;8.00
0.05405405;0.10926214;12.00
0.08108108;0.13669877;12.00
0.27027026;0.33173278;12.00
0.08108108;0.13689762;12.00
0.48648649;-0.09841585;12.00
0.29729730;-0.45413211;8.00
0.05405405;-0.00320072;12.00
0.05405405;0.41550371;12.00
0.18918920;-0.12657104;12.00
0.05405405;0.11796446;12.00
0.08108108;0.22426698;12.00
0.05405405;0.15303646;8.00
0.05405405;0.26614505;8.00
0.05405405;-0.07745955;12.00
0.08108108;0.13111632;12.00
0.05405405;0.01110661;12.00
0.05405405;0.15179375;12.00
0.16216215;-0.47626582;8.00
0.05405405;0.24804848;12.00
0.48648649;0.34567899;12.00
0.05405405;0.21668160;12.00
0.05405405;0.14037970;12.00
0.05405405;-0.16864400;16.00
0.08108108;0.09417694;12.00
0.05405405;0.15824616;12.00
0.05405405;0.14828692;8.00
0.48648649;0.17468110;12.00
0.08108108;-0.33343661;12.00
0.35135135;-0.12764765;12.00
0.29729730;0.54066426;12.00
0.08108108;0.23979132;16.00
0.24324325;0.17321156;12.00
0.08108108;0.18330510;12.00
0.08108108;0.04669808;12.00
0.05405405;0.05836511;12.00
0.05405405;0.15588674;12.00
0.13513514;-0.28047463;12.00
0.08108108;0.17462218;12.00
0.05405405;-0.12333609;8.00
0.05405405;0.08432163;8.00
0.18918920;-0.24864838;12.00
0.35135135;0.53414762;12.00
0.21621622;0.27893692;8.00
0.10810811;-0.18533492;12.00
0.05405405;0.14549111;12.00
0.05405405;0.12124240;12.00
0.05405405;0.13604100;8.00
0.08108108;0.12879211;12.00
0.10810811;0.51325190;12.00
0.05405405;0.21316694;12.00
0.05405405;0.04979235;12.00
0.08108108;0.10703010;12.00
0.48648649;-0.36226335;8.00
0.08108108;0.26884586;12.00
0.05405405;0.09064814;8.00
0.08108108;0.02847653;12.00
0.05405405;0.04514780;16.00
0.18918920;-0.09402850;16.00
0.35135135;0.41356477;12.00
1.00000000;0.48086807;12.00
0.08108108;0.12839468;16.00
0.29729730;-0.15704997;12.00
0.10810811;-0.18376307;12.00
0.29729730;-0.05669228;12.00
0.02702703;-0.10128362;12.00
0.05405405;0.11493685;8.00
0.05405405;0.26608825;12.00
0.05405405;0.11291813;12.00
0.43243244;0.31253731;12.00
0.08108108;0.15824616;12.00
0.05405405;0.28221911;12.00
0.02702703;0.35510644;8.00
0.02702703;-0.00754637;12.00
0.05405405;0.07182850;8.00
0.05405405;0.06281612;12.00
0.05405405;0.14127454;12.00
0.13513514;-0.15560821;16.00
0.13513514;0.22732331;8.00
0.05405405;0.03710731;12.00
0.08108108;-0.17875062;12.00
0.16216215;-0.22987869;12.00
0.05405405;0.10647502;12.00
0.16216215;-0.47463778;12.00
0.08108108;0.18294117;12.00
0.08108108;0.01113944;12.00
0.32432431;0.33060047;12.00
0.48648649;0.44475546;12.00
0.10810811;-0.07118230;8.00
0.13513514;0.08510912;12.00
0.32432431;0.39033076;12.00
0.05405405;0.10173745;12.00
0.05405405;-0.00124174;12.00
0.05405405;0.12430296;12.00
0.37837839;-0.54331923;12.00
0.18918920;0.09969589;12.00
0.05405405;0.30687431;12.00
0.16216215;-0.21492551;8.00
0.08108108;0.13497011;16.00
0.67567569;-0.12856832;16.00
0.05405405;0.18175361;12.00
0.08108108;0.13669877;16.00
0.05405405;0.08042547;12.00
0.05405405;0.55030757;12.00
0.08108108;0.13417563;8.00
0.10810811;0.36882791;12.00
0.08108108;-0.09930928;12.00
0.05405405;0.15530102;12.00
0.05405405;0.05422346;12.00
0.05405405;0.14233693;12.00
0.05405405;-0.23144835;12.00
0.05405405;0.09166112;8.00
0.05405405;0.11755151;12.00
0.08108108;-0.18332672;16.00
0.05405405;0.35128862;8.00
0.08108108;0.08983281;12.00
0.37837839;-0.29897434;12.00
0.32432431;-0.22806773;12.00
0.13513514;-0.08127575;12.00
0.05405405;-0.01770701;16.00
0.05405405;0.32105875;12.00
