scheme,ip,port,healthy,latency_ms,last_checked,last_used,created_at
http,127.0.0.7,80,False,,2025-07-25T15:36:51Z,,2025-07-25T15:25:27Z
http,104.238.30.16,34512,False,,2025-07-25T15:36:51Z,,2025-07-25T15:25:27Z
http,78.46.84.169,8080,False,,2025-07-25T15:36:51Z,,2025-07-25T15:25:27Z
http,128.140.113.110,5153,False,,2025-07-25T15:36:54Z,,2025-07-25T15:25:27Z
http,72.10.160.90,3581,False,,2025-07-25T15:36:51Z,,2025-07-25T15:25:27Z
http,152.53.168.53,44887,False,,2025-07-25T15:36:53Z,,2025-07-25T15:25:27Z
http,138.197.68.35,4857,False,,2025-07-25T15:36:54Z,,2025-07-25T15:25:27Z
http,155.94.241.130,3128,False,,2025-07-25T15:36:53Z,,2025-07-25T15:25:27Z
http,23.247.136.248,80,False,,2025-07-25T15:36:52Z,,2025-07-25T15:25:27Z
http,47.91.115.179,9080,False,,2025-07-25T15:36:53Z,,2025-07-25T15:25:27Z
http,190.97.238.74,8080,False,,2025-07-25T15:36:54Z,,2025-07-25T15:25:27Z
http,43.156.183.112,1080,False,,2025-07-25T15:36:52Z,,2025-07-25T15:25:27Z
http,5.78.129.53,80,False,,2025-07-25T15:36:50Z,,2025-07-25T15:25:27Z
http,34.81.160.132,80,False,,2025-07-25T15:36:54Z,,2025-07-25T15:25:27Z
http,134.209.29.120,80,False,,2025-07-25T15:36:51Z,,2025-07-25T15:25:27Z
http,160.251.142.232,80,False,,2025-07-25T15:36:51Z,,2025-07-25T15:25:27Z
http,59.7.246.4,80,False,,2025-07-25T15:36:50Z,,2025-07-25T15:25:27Z
http,116.203.139.209,5678,False,,2025-07-25T15:36:53Z,,2025-07-25T15:25:27Z
http,47.56.110.204,8989,False,,2025-07-25T15:36:50Z,,2025-07-25T15:25:27Z
http,155.94.241.134,3128,False,,2025-07-25T15:36:52Z,,2025-07-25T15:25:27Z
http,103.99.175.23,8080,False,,2025-07-25T15:36:51Z,,2025-07-25T15:25:27Z
http,206.189.55.66,3128,False,1023.2428339986654,2025-07-25T15:36:50Z,,2025-07-25T15:25:27Z
http,89.58.55.193,80,False,,2025-07-25T15:36:50Z,,2025-07-25T15:25:27Z
http,41.59.90.171,80,False,,2025-07-25T15:36:51Z,,2025-07-25T15:25:27Z
http,146.59.202.70,80,False,,2025-07-25T15:36:54Z,,2025-07-25T15:25:27Z
http,200.174.198.86,8888,True,3364.342007000232,2025-07-25T15:36:51Z,2025-07-31T09:35:13.913108Z,2025-07-25T15:25:27Z
http,41.203.76.166,8080,False,,2025-07-25T15:36:53Z,,2025-07-25T15:25:27Z
http,103.88.239.178,84,False,9347.724795999966,2025-07-25T15:36:54Z,,2025-07-25T15:25:27Z
http,178.178.100.188,8080,False,,2025-07-25T15:36:53Z,,2025-07-25T15:25:27Z
http,180.191.2.16,8081,False,,2025-07-25T15:36:53Z,,2025-07-25T15:25:27Z
http,177.93.60.70,999,False,,2025-07-25T15:36:54Z,,2025-07-25T15:25:27Z
http,124.41.196.91,8080,False,,2025-07-25T15:36:54Z,,2025-07-25T15:25:27Z
http,103.164.192.79,8080,False,,2025-07-25T15:36:53Z,,2025-07-25T15:25:27Z
http,45.235.200.32,4000,False,,2025-07-25T15:36:54Z,,2025-07-25T15:25:27Z
http,110.164.175.110,8080,False,,2025-07-25T15:36:50Z,,2025-07-25T15:25:27Z
http,103.171.255.114,8080,True,11108.626301000186,2025-07-25T15:36:54Z,2025-07-31T09:35:13.854827Z,2025-07-25T15:25:27Z
http,103.125.119.34,3125,False,,2025-07-25T15:36:54Z,,2025-07-25T15:25:27Z
http,103.230.81.121,8080,False,,2025-07-25T15:36:53Z,,2025-07-25T15:25:28Z
http,124.105.186.206,8181,False,,2025-07-25T15:36:55Z,,2025-07-25T15:25:28Z
http,103.10.55.137,8664,False,,2025-07-25T15:36:50Z,,2025-07-25T15:25:28Z
http,154.6.190.79,4444,False,,2025-07-25T15:36:54Z,,2025-07-25T15:25:28Z
http,181.209.82.91,1994,True,11023.283635997359,2025-07-25T15:36:54Z,2025-07-31T09:35:13.846440Z,2025-07-25T15:25:28Z
http,45.181.13.208,999,False,,2025-07-25T15:36:50Z,,2025-07-25T15:25:28Z
http,45.174.191.19,20183,False,,2025-07-25T15:36:53Z,,2025-07-25T15:25:28Z
http,103.172.120.37,8080,False,,2025-07-25T15:36:53Z,,2025-07-25T15:25:28Z
http,143.208.57.162,999,False,,2025-07-25T15:36:52Z,,2025-07-25T15:25:28Z
http,152.69.229.220,3128,False,,2025-07-25T15:36:55Z,,2025-07-25T15:25:28Z
http,151.237.86.78,8080,False,,2025-07-25T15:36:54Z,,2025-07-25T15:25:28Z
http,80.120.49.242,80,False,,2025-07-25T15:36:52Z,,2025-07-25T15:25:28Z
http,112.199.40.53,8080,False,,2025-07-25T15:36:54Z,,2025-07-25T15:25:28Z
http,125.26.4.219,8080,False,,2025-07-25T15:36:50Z,,2025-07-25T15:25:28Z
http,170.82.236.150,8080,False,,2025-07-25T15:36:55Z,,2025-07-25T15:25:28Z
http,170.239.18.106,1830,False,,2025-07-25T15:36:53Z,,2025-07-25T15:25:28Z
http,49.156.44.130,55443,False,,2025-07-25T15:36:53Z,,2025-07-25T15:25:28Z
http,181.78.216.38,999,False,,2025-07-25T15:36:54Z,,2025-07-25T15:25:28Z
http,103.97.140.99,1080,False,,2025-07-25T15:36:54Z,,2025-07-25T15:25:28Z
http,182.253.112.194,8080,False,,2025-07-25T15:36:53Z,,2025-07-25T15:25:28Z
http,103.171.183.146,7777,False,,2025-07-25T15:36:54Z,,2025-07-25T15:25:28Z
http,32.223.6.94,80,False,,2025-07-25T15:36:51Z,,2025-07-25T15:25:28Z
http,47.251.60.125,8080,False,,2025-07-25T15:36:52Z,,2025-07-25T15:25:28Z
http,31.57.178.98,8080,False,,2025-07-25T15:36:51Z,,2025-07-25T15:25:28Z
http,160.25.197.25,8080,False,,2025-07-25T15:36:53Z,,2025-07-25T15:25:28Z
http,197.164.101.10,1976,False,,2025-07-25T15:36:52Z,,2025-07-25T15:25:28Z
http,47.238.130.212,8888,False,,2025-07-25T15:36:50Z,,2025-07-25T15:25:28Z
http,138.117.13.129,999,False,,2025-07-25T15:36:55Z,,2025-07-25T15:25:28Z
http,20.27.15.111,8561,False,,2025-07-25T15:36:53Z,,2025-07-25T15:25:28Z
http,189.50.9.30,8080,False,,2025-07-25T15:36:51Z,,2025-07-25T15:25:28Z
http,185.208.102.155,8080,False,,2025-07-25T15:36:52Z,,2025-07-25T15:25:28Z
http,119.18.146.171,5020,False,,2025-07-25T15:36:55Z,,2025-07-25T15:25:28Z
http,170.80.234.145,8080,False,,2025-07-25T15:36:51Z,,2025-07-25T15:25:28Z
http,102.214.216.234,12354,False,,2025-07-25T15:36:52Z,,2025-07-25T15:25:28Z
http,103.255.243.10,8080,False,,2025-07-25T15:36:53Z,,2025-07-25T15:25:28Z
http,103.138.71.133,8085,False,,2025-07-25T15:36:51Z,,2025-07-25T15:25:28Z
http,185.200.37.41,8080,False,,2025-07-25T15:36:50Z,,2025-07-25T15:25:28Z
http,38.51.188.31,999,False,,2025-07-25T15:36:52Z,,2025-07-25T15:25:28Z
http,119.93.57.223,8082,False,,2025-07-25T15:36:52Z,,2025-07-25T15:25:28Z
http,190.8.164.120,999,False,,2025-07-25T15:36:52Z,,2025-07-25T15:25:28Z
http,217.64.149.146,8118,False,,2025-07-25T15:36:55Z,,2025-07-25T15:25:28Z
http,179.189.48.253,8080,False,,2025-07-25T15:36:53Z,,2025-07-25T15:25:28Z
http,103.189.250.117,1111,False,,2025-07-25T15:36:51Z,,2025-07-25T15:25:28Z
http,45.63.40.63,80,False,,2025-07-25T15:36:52Z,,2025-07-25T15:25:28Z
http,122.52.234.54,8081,False,,2025-07-25T15:36:53Z,,2025-07-25T15:25:28Z
http,186.159.23.234,999,False,,2025-07-25T15:36:55Z,,2025-07-25T15:25:28Z
http,114.9.26.182,8080,False,,2025-07-25T15:36:54Z,,2025-07-25T15:25:28Z
http,103.154.118.154,57413,False,,2025-07-25T15:36:55Z,,2025-07-25T15:25:28Z
http,161.22.42.104,3128,False,6438.15318599809,2025-07-25T15:36:52Z,,2025-07-25T15:25:28Z
http,118.97.75.85,8080,False,,2025-07-25T15:36:52Z,,2025-07-25T15:25:28Z
http,103.148.216.121,8080,False,,2025-07-25T15:36:54Z,,2025-07-25T15:25:28Z
http,103.180.196.113,2024,False,,2025-07-25T15:36:55Z,,2025-07-25T15:25:28Z
http,143.208.57.163,999,False,,2025-07-25T15:36:52Z,,2025-07-25T15:25:28Z
http,181.209.71.222,8080,False,,2025-07-25T15:36:52Z,,2025-07-25T15:25:28Z
http,38.194.245.215,3128,False,,2025-07-25T15:36:53Z,,2025-07-25T15:25:28Z
http,95.164.68.159,3128,False,,2025-07-25T15:36:52Z,,2025-07-25T15:25:28Z
http,80.211.120.191,8080,False,,2025-07-25T15:36:52Z,,2025-07-25T15:25:28Z
http,185.46.141.18,8080,False,,2025-07-25T15:36:54Z,,2025-07-25T15:25:28Z
http,45.174.176.161,8088,False,6705.679038997914,2025-07-25T15:36:55Z,,2025-07-25T15:25:28Z
http,45.174.95.137,8080,True,9585.82417100115,2025-07-25T15:36:52Z,2025-07-31T09:35:13.804227Z,2025-07-25T15:25:28Z
http,103.177.189.29,8090,False,,2025-07-25T15:36:54Z,,2025-07-25T15:25:28Z
http,209.121.164.50,31147,False,,2025-07-25T15:36:52Z,,2025-07-25T15:25:28Z
http,14.241.80.37,8080,False,6076.061439998739,2025-07-25T15:36:50Z,,2025-07-25T15:25:28Z
http,103.137.218.65,83,False,9655.280842998764,2025-07-25T15:36:50Z,,2025-07-25T15:25:28Z
http,8.211.194.85,45,False,,2025-07-25T15:36:53Z,,2025-07-25T15:25:28Z
http,191.102.90.34,999,False,,2025-07-25T15:36:50Z,,2025-07-25T15:25:28Z
http,103.237.144.225,1400,False,,2025-07-25T15:36:51Z,,2025-07-25T15:25:28Z
http,152.2.60.135,80,False,,2025-07-25T15:36:55Z,,2025-07-25T15:25:28Z
http,27.147.217.102,6969,False,,2025-07-25T15:36:51Z,,2025-07-25T15:25:28Z
http,184.82.244.60,8080,False,,2025-07-25T15:36:51Z,,2025-07-25T15:25:28Z
http,167.71.107.44,3128,False,,2025-07-25T15:36:54Z,,2025-07-25T15:25:28Z
http,180.74.171.206,8080,False,,2025-07-25T15:36:54Z,,2025-07-25T15:25:28Z
http,159.203.61.169,3128,True,3361.3267979999364,2025-07-25T15:36:52Z,2025-07-31T09:35:13.904767Z,2025-07-25T15:25:28Z
http,103.156.86.129,8080,False,,2025-07-25T15:36:52Z,,2025-07-25T15:25:28Z
http,188.166.84.217,3128,False,,2025-07-25T15:36:50Z,,2025-07-25T15:25:28Z
http,213.143.113.82,80,False,,2025-07-25T15:36:52Z,,2025-07-25T15:25:28Z
http,152.53.107.230,80,False,,2025-07-25T15:36:52Z,,2025-07-25T15:25:28Z
http,27.79.214.36,16000,False,,2025-07-25T15:36:53Z,,2025-07-25T15:25:28Z
http,196.1.93.16,80,False,,2025-07-25T15:36:55Z,,2025-07-25T15:25:28Z
http,90.156.169.163,80,False,,2025-07-25T15:36:51Z,,2025-07-25T15:25:28Z
http,159.65.245.255,80,False,,2025-07-25T15:36:51Z,,2025-07-25T15:25:28Z
http,89.58.57.45,80,False,,2025-07-25T15:36:51Z,,2025-07-25T15:25:28Z
http,179.60.53.25,999,False,,2025-07-25T15:36:53Z,,2025-07-25T15:25:28Z
http,109.191.155.209,8081,False,,2025-07-25T15:36:50Z,,2025-07-25T15:25:28Z
http,129.159.38.24,80,False,,2025-07-25T15:36:52Z,,2025-07-25T15:25:28Z
http,43.217.159.83,9080,False,,2025-07-25T15:36:54Z,,2025-07-25T15:25:28Z
http,43.135.36.240,80,False,,2025-07-25T15:36:50Z,,2025-07-25T15:25:28Z
http,97.74.87.226,80,False,,2025-07-25T15:36:51Z,,2025-07-25T15:25:28Z
http,181.174.164.221,80,False,,2025-07-25T15:36:52Z,,2025-07-25T15:25:28Z
http,52.221.222.182,80,False,,2025-07-25T15:36:50Z,,2025-07-25T15:25:28Z
http,123.141.181.49,5031,False,,2025-07-25T15:36:51Z,,2025-07-25T15:25:28Z
http,177.200.239.141,999,False,,2025-07-25T15:36:51Z,,2025-07-25T15:25:28Z
http,103.113.3.240,3128,True,4891.003379001631,2025-07-25T15:36:53Z,2025-07-31T09:35:13.971630Z,2025-07-25T15:25:28Z
http,161.97.181.217,8118,False,,2025-07-25T15:36:52Z,,2025-07-25T15:25:28Z
http,155.94.241.133,3128,False,,2025-07-25T15:36:54Z,,2025-07-25T15:25:28Z
http,103.60.181.46,8080,True,8158.17847499784,2025-07-25T15:36:55Z,2025-07-31T09:35:13.762392Z,2025-07-25T15:25:28Z
http,170.130.202.134,3128,False,7056.808191002347,2025-07-25T15:36:54Z,,2025-07-25T15:25:28Z
http,27.79.159.153,16000,False,7919.543961001182,2025-07-25T15:36:54Z,,2025-07-25T15:25:28Z
http,139.162.78.109,8080,False,,2025-07-25T15:36:55Z,,2025-07-25T15:25:28Z
http,128.199.202.122,8080,False,,2025-07-25T15:36:55Z,,2025-07-25T15:25:28Z
http,85.9.209.195,8080,False,4133.9842439992935,2025-07-25T15:36:50Z,,2025-07-25T15:25:28Z
http,198.49.68.80,80,False,,2025-07-25T15:36:50Z,,2025-07-25T15:25:28Z
http,18.179.46.106,999,False,,2025-07-25T15:36:51Z,,2025-07-25T15:25:28Z
http,123.30.154.171,7777,False,,2025-07-25T15:36:50Z,,2025-07-25T15:25:28Z
http,5.135.59.43,50008,False,,2025-07-25T15:36:54Z,,2025-07-25T15:25:28Z
http,89.58.28.110,80,False,,2025-07-25T15:36:51Z,,2025-07-25T15:25:28Z
http,45.174.191.135,8080,False,9221.838027999183,2025-07-25T15:36:53Z,,2025-07-25T15:25:28Z
http,192.73.244.36,80,False,,2025-07-25T15:36:50Z,,2025-07-25T15:25:28Z
http,13.57.11.118,3128,False,,2025-07-25T15:36:52Z,,2025-07-25T15:25:28Z
http,190.108.95.137,999,True,9983.652137001627,2025-07-25T15:36:54Z,2025-07-31T09:35:13.829559Z,2025-07-25T15:25:28Z
http,119.92.142.172,5050,False,,2025-07-25T15:36:51Z,,2025-07-25T15:25:28Z
http,115.42.67.186,8080,False,,2025-07-25T15:36:50Z,,2025-07-25T15:25:28Z
http,126.209.18.140,8082,False,,2025-07-25T15:36:50Z,,2025-07-25T15:25:28Z
http,103.131.234.165,8080,False,,2025-07-25T15:36:50Z,,2025-07-25T15:25:28Z
http,103.22.217.41,3125,False,,2025-07-25T15:36:51Z,,2025-07-25T15:25:28Z
http,92.67.186.210,80,False,,2025-07-25T15:36:51Z,,2025-07-25T15:25:28Z
http,181.209.107.154,999,False,,2025-07-25T15:36:51Z,,2025-07-25T15:25:28Z
http,27.72.100.236,4995,False,,2025-07-25T15:36:54Z,,2025-07-25T15:25:28Z
http,200.59.10.42,999,False,,2025-07-25T15:36:50Z,,2025-07-25T15:25:28Z
http,5.39.83.193,888,False,,2025-07-25T15:36:54Z,,2025-07-25T15:25:28Z
http,47.251.43.115,33333,False,5984.353795000061,2025-07-25T15:36:50Z,,2025-07-25T15:25:28Z
http,57.129.81.201,8080,True,4916.4895309986605,2025-07-25T15:36:51Z,2025-07-31T09:35:13.979972Z,2025-07-25T15:25:28Z
http,91.241.241.60,9090,False,,2025-07-25T15:36:50Z,,2025-07-25T15:25:28Z
http,139.177.190.161,3128,False,,2025-07-25T15:36:51Z,,2025-07-25T15:25:28Z
http,51.79.241.31,3128,False,,2025-07-25T15:36:54Z,,2025-07-25T15:25:28Z
http,38.156.237.102,999,False,,2025-07-25T15:36:51Z,,2025-07-25T15:25:28Z
http,168.196.227.203,999,False,,2025-07-25T15:36:52Z,,2025-07-25T15:25:28Z
http,103.22.99.12,2020,False,,2025-07-25T15:36:54Z,,2025-07-25T15:25:28Z
http,103.247.240.34,8080,False,,2025-07-25T15:36:54Z,,2025-07-25T15:25:28Z
http,180.180.218.250,8080,False,,2025-07-25T15:36:52Z,,2025-07-25T15:25:28Z
http,190.103.205.253,9097,False,,2025-07-25T15:36:54Z,,2025-07-25T15:25:28Z
http,114.5.196.81,8080,False,,2025-07-25T15:36:51Z,,2025-07-25T15:25:28Z
http,103.248.9.247,8080,False,,2025-07-25T15:36:50Z,,2025-07-25T15:25:28Z
http,103.147.246.222,8080,False,,2025-07-25T15:36:50Z,,2025-07-25T15:25:28Z
http,161.49.90.70,1337,False,,2025-07-25T15:36:52Z,,2025-07-25T15:25:28Z
http,119.155.143.218,8080,False,4662.569429998257,2025-07-25T15:36:53Z,,2025-07-25T15:25:28Z
http,179.189.120.147,3128,False,,2025-07-25T15:36:54Z,,2025-07-25T15:25:28Z
http,102.219.208.86,3346,False,,2025-07-25T15:36:50Z,,2025-07-25T15:25:28Z
http,67.206.213.202,3120,False,,2025-07-25T15:36:53Z,,2025-07-25T15:25:28Z
http,188.132.221.126,8085,False,,2025-07-25T15:36:51Z,,2025-07-25T15:25:28Z
http,38.180.159.105,3128,False,,2025-07-25T15:36:51Z,,2025-07-25T15:25:28Z
http,181.10.200.154,3128,False,,2025-07-25T15:36:55Z,,2025-07-25T15:25:28Z
http,103.123.120.1,8080,False,,2025-07-25T15:36:50Z,,2025-07-25T15:25:28Z
http,45.133.107.234,81,False,,2025-07-25T15:36:54Z,,2025-07-25T15:25:28Z
http,190.61.116.244,999,False,,2025-07-25T15:36:54Z,,2025-07-25T15:25:28Z
http,58.186.92.153,16000,False,,2025-07-25T15:36:50Z,,2025-07-25T15:25:28Z
http,45.236.112.9,60399,False,,2025-07-25T15:36:55Z,,2025-07-25T15:25:28Z
http,190.58.248.86,80,False,,2025-07-25T15:36:50Z,,2025-07-25T15:25:28Z
http,101.51.55.153,8080,False,,2025-07-25T15:36:53Z,,2025-07-25T15:25:28Z
http,160.248.7.177,80,False,,2025-07-25T15:36:52Z,,2025-07-25T15:25:28Z
http,202.51.196.226,8080,False,,2025-07-25T15:36:50Z,,2025-07-25T15:25:28Z
http,181.48.160.114,9090,False,,2025-07-25T15:36:52Z,,2025-07-25T15:25:28Z
http,102.211.216.18,8080,False,,2025-07-25T15:36:53Z,,2025-07-25T15:25:28Z
http,188.132.150.165,8080,False,,2025-07-25T15:36:51Z,,2025-07-25T15:25:28Z
http,103.247.242.22,8080,False,,2025-07-25T15:36:50Z,,2025-07-25T15:25:28Z
http,116.212.182.74,8081,False,,2025-07-25T15:36:55Z,,2025-07-25T15:25:28Z
http,201.150.119.174,999,False,4128.04799499645,2025-07-25T15:36:50Z,,2025-07-25T15:25:28Z
http,119.92.255.3,3128,False,,2025-07-25T15:36:50Z,,2025-07-25T15:25:28Z
http,37.32.40.253,8080,False,,2025-07-25T15:36:55Z,,2025-07-25T15:25:28Z
http,110.44.115.83,8080,False,,2025-07-25T15:36:53Z,,2025-07-25T15:25:28Z
http,114.9.27.142,8080,False,,2025-07-25T15:36:54Z,,2025-07-25T15:25:28Z
http,95.0.90.242,8080,False,,2025-07-25T15:36:55Z,,2025-07-25T15:25:28Z
http,157.66.16.38,8070,False,,2025-07-25T15:36:53Z,,2025-07-25T15:25:28Z
http,49.49.182.142,8080,False,,2025-07-25T15:36:51Z,,2025-07-25T15:25:28Z
http,89.46.249.253,53018,False,,2025-07-25T15:36:53Z,,2025-07-25T15:25:28Z
http,202.154.19.63,8083,False,,2025-07-25T15:36:51Z,,2025-07-25T15:25:28Z
http,8.221.138.111,9080,False,,2025-07-25T15:36:55Z,,2025-07-25T15:25:28Z
http,179.189.236.201,20183,False,,2025-07-25T15:36:51Z,,2025-07-25T15:25:28Z
http,181.119.93.90,999,False,,2025-07-25T15:36:53Z,,2025-07-25T15:25:28Z
http,78.47.126.220,8888,False,,2025-07-25T15:36:55Z,,2025-07-25T15:25:28Z
http,123.141.181.1,5031,False,,2025-07-25T15:36:53Z,,2025-07-25T15:25:28Z
http,119.148.54.78,1419,False,,2025-07-25T15:36:52Z,,2025-07-25T15:25:28Z
http,103.190.78.7,8080,False,,2025-07-25T15:36:52Z,,2025-07-25T15:25:28Z
http,109.74.132.178,8080,False,,2025-07-25T15:36:52Z,,2025-07-25T15:25:28Z
http,143.255.147.242,8080,False,,2025-07-25T15:36:50Z,,2025-07-25T15:25:28Z
http,45.225.123.102,40033,False,,2025-07-25T15:36:50Z,,2025-07-25T15:25:28Z
http,200.39.120.43,999,False,,2025-07-25T15:36:52Z,,2025-07-25T15:25:28Z
http,47.251.11.225,3366,False,,2025-07-25T15:36:50Z,,2025-07-25T15:25:28Z
http,103.162.17.203,8080,False,,2025-07-25T15:36:50Z,,2025-07-25T15:25:28Z
http,8.210.117.141,8888,False,,2025-07-25T15:36:53Z,,2025-07-25T15:25:28Z
http,119.93.164.163,8082,False,,2025-07-25T15:36:54Z,,2025-07-25T15:25:28Z
http,103.126.219.37,8080,False,,2025-07-25T15:36:53Z,,2025-07-25T15:25:28Z
http,95.165.71.1,3128,False,,2025-07-25T15:36:52Z,,2025-07-25T15:25:28Z
http,118.34.4.196,80,False,,2025-07-25T15:36:54Z,,2025-07-25T15:25:28Z
http,157.20.253.195,1111,False,,2025-07-25T15:36:51Z,,2025-07-25T15:25:28Z
http,45.231.170.137,999,False,,2025-07-25T15:36:55Z,,2025-07-25T15:25:28Z
http,49.48.81.24,8080,False,,2025-07-25T15:36:50Z,,2025-07-25T15:25:28Z
http,80.209.242.81,8888,False,,2025-07-25T15:36:54Z,,2025-07-25T15:25:28Z
http,5.135.177.100,3128,False,,2025-07-25T15:36:53Z,,2025-07-25T15:25:28Z
http,103.178.21.93,3125,False,,2025-07-25T15:36:54Z,,2025-07-25T15:25:28Z
http,5.45.126.128,8080,False,,2025-07-25T15:36:51Z,,2025-07-25T15:25:28Z
http,157.66.131.26,1111,False,,2025-07-25T15:36:54Z,,2025-07-25T15:25:28Z
http,103.210.22.17,3128,False,,2025-07-25T15:36:52Z,,2025-07-25T15:25:28Z
http,177.85.69.252,9999,False,,2025-07-25T15:36:51Z,,2025-07-25T15:25:28Z
http,151.80.199.91,3128,False,5176.934643001005,2025-07-25T15:36:53Z,,2025-07-25T15:25:28Z
http,54.236.37.53,80,False,,2025-07-25T15:36:51Z,,2025-07-25T15:25:28Z
http,51.254.78.223,80,False,,2025-07-25T15:36:54Z,,2025-07-25T15:25:28Z
http,89.58.45.94,43476,False,,2025-07-25T15:36:50Z,,2025-07-25T15:25:28Z
http,27.71.141.171,16000,False,6531.210141998599,2025-07-25T15:36:51Z,,2025-07-25T15:25:28Z
http,4.156.78.45,80,False,,2025-07-25T15:36:51Z,,2025-07-25T15:25:28Z
http,138.199.233.152,80,False,,2025-07-25T15:36:54Z,,2025-07-25T15:25:28Z
http,154.118.231.30,80,False,,2025-07-25T15:36:50Z,,2025-07-25T15:25:28Z
http,164.163.134.227,999,False,,2025-07-25T15:36:50Z,,2025-07-25T15:25:28Z
http,50.172.150.134,80,False,,2025-07-25T15:36:55Z,,2025-07-25T15:25:28Z
http,91.132.92.150,80,False,,2025-07-25T15:36:51Z,,2025-07-25T15:25:28Z
http,45.91.94.197,80,False,,2025-07-25T15:36:54Z,,2025-07-25T15:25:28Z
http,212.110.188.216,34405,False,,2025-07-25T15:36:55Z,,2025-07-25T15:25:28Z
http,45.146.163.31,80,False,,2025-07-25T15:36:50Z,,2025-07-25T15:25:28Z
http,43.216.143.123,9008,False,,2025-07-25T15:36:51Z,,2025-07-25T15:25:28Z
http,38.54.71.67,80,False,,2025-07-25T15:36:54Z,,2025-07-25T15:25:28Z
http,41.191.203.162,80,False,,2025-07-25T15:36:52Z,,2025-07-25T15:25:28Z
http,31.14.114.71,1081,False,,2025-07-25T15:36:53Z,,2025-07-25T15:25:28Z
http,95.84.156.71,1111,False,,2025-07-25T15:36:51Z,,2025-07-25T15:25:28Z
http,20.27.14.220,8561,False,,2025-07-25T15:36:52Z,,2025-07-25T15:25:28Z
http,47.238.223.95,3128,False,,2025-07-25T15:36:53Z,,2025-07-25T15:25:28Z
http,108.170.12.11,80,False,,2025-07-25T15:36:54Z,,2025-07-25T15:25:28Z
http,155.94.241.132,3128,False,,2025-07-25T15:36:52Z,,2025-07-25T15:25:28Z
http,47.252.29.28,11222,True,5247.614462998172,2025-07-25T15:36:53Z,2025-07-31T09:35:14.013332Z,2025-07-25T15:25:28Z
http,162.241.207.217,80,False,,2025-07-25T15:36:52Z,,2025-07-25T15:25:28Z
http,133.18.234.13,80,False,,2025-07-25T15:36:54Z,,2025-07-25T15:25:28Z
http,180.210.191.122,8080,False,,2025-07-25T15:36:50Z,,2025-07-25T15:25:28Z
http,161.132.51.35,8118,False,6472.548059002293,2025-07-25T15:36:53Z,,2025-07-25T15:25:28Z
http,85.133.240.75,8080,False,,2025-07-25T15:36:54Z,,2025-07-25T15:25:28Z
http,202.179.16.2,443,False,8656.167761000688,2025-07-25T15:36:55Z,,2025-07-25T15:25:28Z
http,51.254.132.238,80,False,,2025-07-25T15:36:53Z,,2025-07-25T15:25:28Z
http,208.76.248.130,3128,False,,2025-07-25T15:36:52Z,,2025-07-25T15:25:28Z
http,91.203.242.66,222,False,,2025-07-25T15:36:52Z,,2025-07-25T15:25:28Z
http,138.59.10.112,999,False,,2025-07-25T15:36:54Z,,2025-07-25T15:25:28Z
http,78.47.127.91,80,False,,2025-07-25T15:36:50Z,,2025-07-25T15:25:28Z
http,178.33.156.196,50007,False,,2025-07-25T15:36:50Z,,2025-07-25T15:25:28Z
http,103.90.67.35,8080,False,,2025-07-25T15:36:51Z,,2025-07-25T15:25:28Z
http,27.71.141.120,16000,True,7434.681160000764,2025-07-25T15:36:54Z,2025-07-31T09:35:13.745618Z,2025-07-25T15:25:28Z
http,203.189.153.19,8083,False,,2025-07-25T15:36:51Z,,2025-07-25T15:25:28Z
http,112.203.208.214,8080,False,,2025-07-25T15:36:52Z,,2025-07-25T15:25:28Z
http,70.36.109.21,60009,False,,2025-07-25T15:36:55Z,,2025-07-25T15:25:28Z
http,160.187.174.214,8080,False,,2025-07-25T15:36:52Z,,2025-07-25T15:25:28Z
http,113.161.93.174,6008,False,,2025-07-25T15:36:51Z,,2025-07-25T15:25:28Z
http,197.164.101.11,1981,False,,2025-07-25T15:36:55Z,,2025-07-25T15:25:28Z
http,14.142.36.210,80,False,,2025-07-25T15:36:50Z,,2025-07-25T15:25:28Z
http,47.91.110.148,8008,False,,2025-07-25T15:36:54Z,,2025-07-25T15:25:28Z
http,89.58.55.33,80,False,,2025-07-25T15:36:52Z,,2025-07-25T15:25:28Z
http,103.161.130.208,8181,False,,2025-07-25T15:36:51Z,,2025-07-25T15:25:28Z
http,36.95.82.69,8080,False,,2025-07-25T15:36:50Z,,2025-07-25T15:25:28Z
http,181.78.216.90,999,False,,2025-07-25T15:36:50Z,,2025-07-25T15:25:28Z
http,103.125.174.62,8080,False,,2025-07-25T15:36:50Z,,2025-07-25T15:25:28Z
http,164.90.205.31,3128,False,,2025-07-25T15:36:49Z,,2025-07-25T15:25:28Z
http,63.250.32.221,3128,False,,2025-07-25T15:36:52Z,,2025-07-25T15:25:28Z
http,113.160.132.195,8080,True,5009.412990999408,2025-07-25T15:36:52Z,2025-07-31T09:35:13.988298Z,2025-07-25T15:25:28Z
http,103.205.64.153,80,False,,2025-07-25T15:36:53Z,,2025-07-25T15:25:28Z
http,41.59.90.175,80,False,,2025-07-25T15:36:53Z,,2025-07-25T15:25:28Z
http,117.250.3.58,8080,False,3954.153902002872,2025-07-25T15:36:52Z,,2025-07-25T15:25:28Z
http,115.72.39.21,8080,False,5717.900595001993,2025-07-25T15:36:52Z,,2025-07-25T15:25:28Z
http,41.191.203.161,80,False,,2025-07-25T15:36:54Z,,2025-07-25T15:25:28Z
http,157.20.144.195,8089,False,5158.727309000824,2025-07-25T15:36:52Z,,2025-07-25T15:25:28Z
http,82.190.190.98,80,False,,2025-07-25T15:36:52Z,,2025-07-25T15:25:28Z
http,38.159.223.18,999,False,,2025-07-25T15:36:52Z,,2025-07-25T15:25:28Z
http,1.4.174.68,8080,False,,2025-07-25T15:36:52Z,,2025-07-25T15:25:28Z
http,41.57.40.130,6060,False,,2025-07-25T15:36:53Z,,2025-07-25T15:25:28Z
http,203.175.127.240,8080,False,,2025-07-25T15:36:50Z,,2025-07-25T15:25:28Z
http,206.189.140.195,3128,False,,2025-07-25T15:36:54Z,,2025-07-25T15:25:28Z
http,183.88.214.84,8080,False,,2025-07-25T15:36:55Z,,2025-07-25T15:25:28Z
http,185.208.102.158,8080,False,,2025-07-25T15:36:50Z,,2025-07-25T15:25:28Z
http,195.158.8.123,3128,False,,2025-07-25T15:36:50Z,,2025-07-25T15:25:28Z
http,27.71.137.213,16000,True,7840.124566999293,2025-07-25T15:36:53Z,2025-07-31T09:35:13.753998Z,2025-07-25T15:25:28Z
http,181.119.68.5,8080,True,5119.320984998922,2025-07-25T15:36:55Z,2025-07-31T09:35:13.996627Z,2025-07-25T15:25:28Z
http,160.30.63.252,8080,True,9939.576902001136,2025-07-25T15:36:55Z,2025-07-31T09:35:13.821077Z,2025-07-25T15:25:28Z
http,36.64.10.162,8080,False,,2025-07-25T15:36:54Z,,2025-07-25T15:25:28Z
http,103.22.98.69,8080,True,4421.861991999322,2025-07-25T15:36:52Z,2025-07-31T09:35:13.963275Z,2025-07-25T15:25:28Z
http,102.209.18.28,8080,False,,2025-07-25T15:36:52Z,,2025-07-25T15:25:28Z
http,103.155.246.155,8080,False,,2025-07-25T15:36:51Z,,2025-07-25T15:25:28Z
http,209.62.196.68,8080,False,,2025-07-25T15:36:51Z,,2025-07-25T15:25:28Z
http,41.191.203.160,80,False,,2025-07-25T15:36:51Z,,2025-07-25T15:25:28Z
http,103.236.173.116,8080,False,,2025-07-25T15:36:52Z,,2025-07-25T15:25:28Z
http,5.58.97.89,8080,False,,2025-07-25T15:36:55Z,,2025-07-25T15:25:28Z
http,102.218.67.252,8080,False,,2025-07-25T15:36:52Z,,2025-07-25T15:25:28Z
http,89.58.35.180,3128,False,,2025-07-25T15:36:50Z,,2025-07-25T15:25:28Z
http,103.82.246.249,6080,False,,2025-07-25T15:36:50Z,,2025-07-25T15:25:28Z
http,51.81.6.158,31158,False,,2025-07-25T15:36:53Z,,2025-07-25T15:25:28Z
http,179.61.98.3,999,False,,2025-07-25T15:36:53Z,,2025-07-25T15:25:28Z
http,20.120.225.109,3128,False,,2025-07-25T15:36:53Z,,2025-07-25T15:25:28Z
http,36.93.8.34,11000,False,,2025-07-25T15:36:53Z,,2025-07-25T15:25:28Z
http,103.177.176.62,8080,False,,2025-07-25T15:36:50Z,,2025-07-25T15:25:28Z
http,103.211.26.94,80,False,,2025-07-25T15:36:52Z,,2025-07-25T15:25:28Z
http,189.202.188.149,80,False,,2025-07-25T15:36:50Z,,2025-07-25T15:25:28Z
http,113.192.12.102,8080,False,,2025-07-25T15:36:54Z,,2025-07-25T15:25:28Z
http,103.68.214.113,8787,True,9468.29948300001,2025-07-25T15:36:51Z,2025-07-31T09:35:13.795921Z,2025-07-25T15:25:28Z
http,38.65.174.107,999,True,4254.029840001749,2025-07-25T15:36:54Z,2025-07-31T09:35:13.946550Z,2025-07-25T15:25:28Z
http,103.144.253.234,8080,False,,2025-07-25T15:36:55Z,,2025-07-25T15:25:28Z
http,3.149.138.238,3128,False,,2025-07-25T15:36:51Z,,2025-07-25T15:25:28Z
http,31.47.42.140,1080,False,,2025-07-25T15:36:52Z,,2025-07-25T15:25:28Z
http,145.223.68.60,3128,False,,2025-07-25T15:36:50Z,,2025-07-25T15:25:28Z
http,41.59.90.168,80,False,,2025-07-25T15:36:50Z,,2025-07-25T15:25:28Z
http,193.136.58.76,80,False,,2025-07-25T15:36:51Z,,2025-07-25T15:25:28Z
http,77.37.132.129,8080,False,,2025-07-25T15:36:55Z,,2025-07-25T15:25:28Z
http,126.209.50.252,1234,False,,2025-07-25T15:36:50Z,,2025-07-25T15:25:28Z
http,182.253.140.250,8080,False,,2025-07-25T15:36:55Z,,2025-07-25T15:25:28Z
http,112.211.43.254,8080,False,,2025-07-25T15:36:50Z,,2025-07-25T15:25:28Z
http,103.166.9.110,8080,False,,2025-07-25T15:36:51Z,,2025-07-25T15:25:28Z
http,103.169.128.133,8080,False,,2025-07-25T15:36:50Z,,2025-07-25T15:25:28Z
http,14.143.130.210,1111,False,,2025-07-25T15:36:51Z,,2025-07-25T15:25:28Z
http,190.93.189.142,999,False,,2025-07-25T15:36:53Z,,2025-07-25T15:25:28Z
http,161.49.87.222,8095,False,,2025-07-25T15:36:52Z,,2025-07-25T15:25:28Z
http,103.187.226.52,8082,False,,2025-07-25T15:36:53Z,,2025-07-25T15:25:28Z
http,103.82.132.48,8888,False,,2025-07-25T15:36:53Z,,2025-07-25T15:25:28Z
http,177.10.145.24,8080,False,,2025-07-25T15:36:52Z,,2025-07-25T15:25:28Z
http,34.93.182.218,5050,True,13476.405161000002,2025-07-25T15:36:55Z,2025-07-31T09:35:13.863163Z,2025-07-25T15:25:28Z
http,43.224.119.169,8080,False,,2025-07-25T15:36:53Z,,2025-07-25T15:25:28Z
http,116.254.113.86,8080,False,,2025-07-25T15:36:50Z,,2025-07-25T15:25:28Z
http,199.66.157.89,8080,False,,2025-07-25T15:36:52Z,,2025-07-25T15:25:28Z
http,0.0.0.0,80,False,,2025-07-25T15:36:51Z,,2025-07-25T15:25:28Z
http,202.61.204.51,80,False,,2025-07-25T15:36:52Z,,2025-07-25T15:25:28Z
http,142.93.209.163,3128,False,8388.751063997915,2025-07-25T15:36:52Z,,2025-07-25T15:25:28Z
http,211.22.151.163,60808,False,,2025-07-25T15:36:53Z,,2025-07-25T15:25:28Z
http,122.3.87.41,8080,False,,2025-07-25T15:36:51Z,,2025-07-25T15:25:28Z
http,81.169.213.169,8888,False,,2025-07-25T15:36:54Z,,2025-07-25T15:25:28Z
http,23.247.136.254,80,False,,2025-07-25T15:36:53Z,,2025-07-25T15:25:28Z
http,185.133.213.86,8074,False,,2025-07-25T15:36:51Z,,2025-07-25T15:25:28Z
http,116.99.198.78,10001,False,,2025-07-25T15:36:51Z,,2025-07-25T15:25:28Z
http,103.94.52.70,3128,False,,2025-07-25T15:36:54Z,,2025-07-25T15:25:28Z
http,101.255.211.54,8082,False,,2025-07-25T15:36:50Z,,2025-07-25T15:25:28Z
http,8.221.141.88,5060,False,,2025-07-25T15:36:51Z,,2025-07-25T15:25:28Z
http,185.88.177.197,8080,False,,2025-07-25T15:36:52Z,,2025-07-25T15:25:28Z
http,220.81.123.23,48678,False,,2025-07-25T15:36:54Z,,2025-07-25T15:25:28Z
http,4.195.16.140,80,False,,2025-07-25T15:36:54Z,,2025-07-25T15:25:28Z
http,45.184.103.110,999,False,,2025-07-25T15:36:52Z,,2025-07-25T15:25:28Z
http,37.187.74.125,80,False,,2025-07-25T15:36:51Z,,2025-07-25T15:25:28Z
http,103.189.254.18,8080,False,,2025-07-25T15:36:55Z,,2025-07-25T15:25:28Z
http,216.250.11.178,3128,False,,2025-07-25T15:36:53Z,,2025-07-25T15:25:28Z
http,103.188.169.95,8080,False,,2025-07-25T15:36:54Z,,2025-07-25T15:25:28Z
http,138.68.60.8,80,True,2371.4331740011403,2025-07-25T15:36:50Z,2025-07-31T09:35:13.879859Z,2025-07-25T15:25:28Z
http,87.106.103.177,3128,False,,2025-07-25T15:36:52Z,,2025-07-25T15:25:28Z
http,38.147.98.190,8080,False,,2025-07-25T15:36:52Z,,2025-07-25T15:25:28Z
http,154.159.247.119,8080,False,,2025-07-25T15:36:53Z,,2025-07-25T15:25:28Z
http,223.135.156.183,8080,False,,2025-07-25T15:36:53Z,,2025-07-25T15:25:28Z
http,41.191.203.167,80,False,,2025-07-25T15:36:50Z,,2025-07-25T15:25:28Z
http,5.202.103.101,514,False,,2025-07-25T15:36:53Z,,2025-07-25T15:25:28Z
http,203.172.225.227,8080,False,,2025-07-25T15:36:54Z,,2025-07-25T15:25:28Z
http,139.59.1.14,80,False,4368.424917000084,2025-07-25T15:36:52Z,,2025-07-25T15:25:28Z
http,200.121.48.195,999,False,,2025-07-25T15:36:53Z,,2025-07-25T15:25:28Z
http,62.84.120.61,80,False,,2025-07-25T15:36:50Z,,2025-07-25T15:25:28Z
http,177.234.217.82,999,False,,2025-07-25T15:36:53Z,,2025-07-25T15:25:28Z
http,200.49.99.78,9991,False,,2025-07-25T15:36:52Z,,2025-07-25T15:25:28Z
http,203.190.44.114,2202,False,,2025-07-25T15:36:53Z,,2025-07-25T15:25:28Z
http,47.79.19.26,8118,False,,2025-07-25T15:36:51Z,,2025-07-25T15:25:28Z
http,45.177.16.129,999,False,,2025-07-25T15:36:55Z,,2025-07-25T15:25:28Z
http,141.147.9.254,80,False,,2025-07-25T15:36:51Z,,2025-07-25T15:25:28Z
http,185.23.124.230,8080,False,,2025-07-25T15:36:53Z,,2025-07-25T15:25:28Z
http,185.16.61.84,80,False,,2025-07-25T15:36:52Z,,2025-07-25T15:25:28Z
http,89.58.8.250,80,False,,2025-07-25T15:36:53Z,,2025-07-25T15:25:28Z
http,103.156.75.246,8181,True,6248.779550998734,2025-07-25T15:36:50Z,2025-07-31T09:35:14.038414Z,2025-07-25T15:25:28Z
http,83.111.75.116,80,False,,2025-07-25T15:36:54Z,,2025-07-25T15:25:28Z
http,58.186.92.128,16000,True,8224.53754900198,2025-07-25T15:36:55Z,2025-07-31T09:35:13.770836Z,2025-07-25T15:25:29Z
http,41.191.203.163,80,False,,2025-07-25T15:36:53Z,,2025-07-25T15:25:29Z
http,103.154.92.74,8080,False,,2025-07-25T15:36:50Z,,2025-07-25T15:25:29Z
http,8.211.195.173,8060,False,,2025-07-25T15:36:52Z,,2025-07-25T15:25:29Z
http,45.79.145.100,3128,False,,2025-07-25T15:36:55Z,,2025-07-25T15:25:29Z
http,91.107.149.78,80,False,,2025-07-25T15:36:52Z,,2025-07-25T15:25:29Z
http,103.153.134.46,8080,False,,2025-07-25T15:36:50Z,,2025-07-25T15:25:29Z
http,212.175.23.51,8085,False,,2025-07-25T15:36:55Z,,2025-07-25T15:25:29Z
http,38.253.88.242,999,False,,2025-07-25T15:36:52Z,,2025-07-25T15:25:29Z
http,202.62.75.17,83,False,,2025-07-25T15:36:55Z,,2025-07-25T15:25:29Z
http,188.166.230.109,31028,False,,2025-07-25T15:36:54Z,,2025-07-25T15:25:29Z
http,164.163.42.17,10000,False,3848.062500997912,2025-07-25T15:36:52Z,,2025-07-25T15:25:29Z
http,157.66.16.52,8080,False,,2025-07-25T15:36:54Z,,2025-07-25T15:25:29Z
http,101.255.165.106,8090,False,,2025-07-25T15:36:52Z,,2025-07-25T15:25:29Z
http,202.148.10.130,64321,False,,2025-07-25T15:36:53Z,,2025-07-25T15:25:29Z
http,38.52.209.229,999,False,,2025-07-25T15:36:53Z,,2025-07-25T15:25:29Z
http,103.137.84.17,83,False,,2025-07-25T15:36:54Z,,2025-07-25T15:25:29Z
http,217.182.150.43,50013,False,,2025-07-25T15:36:50Z,,2025-07-25T15:25:29Z
http,103.26.110.110,84,False,,2025-07-25T15:36:53Z,,2025-07-25T15:25:29Z
http,37.120.172.84,80,False,,2025-07-25T15:36:51Z,,2025-07-25T15:25:29Z
http,103.189.63.149,56457,False,,2025-07-25T15:36:50Z,,2025-07-25T15:25:29Z
http,89.58.55.106,80,False,,2025-07-25T15:36:49Z,,2025-07-25T15:25:29Z
http,103.75.96.70,8080,False,,2025-07-25T15:36:54Z,,2025-07-25T15:25:29Z
http,190.52.99.212,999,False,,2025-07-25T15:36:50Z,,2025-07-25T15:25:29Z
http,180.178.109.179,8080,False,,2025-07-25T15:36:52Z,,2025-07-25T15:25:29Z
http,163.223.78.97,8080,False,,2025-07-25T15:36:55Z,,2025-07-25T15:25:29Z
http,157.20.157.24,8080,False,,2025-07-25T15:36:54Z,,2025-07-25T15:25:29Z
http,79.106.108.156,8079,False,,2025-07-25T15:36:51Z,,2025-07-25T15:25:29Z
http,157.230.38.173,3128,False,,2025-07-25T15:36:53Z,,2025-07-25T15:25:29Z
http,182.253.238.190,8080,False,,2025-07-25T15:36:53Z,,2025-07-25T15:25:29Z
http,201.139.115.206,8081,False,,2025-07-25T15:36:53Z,,2025-07-25T15:25:29Z
http,150.129.115.253,6666,False,,2025-07-25T15:36:51Z,,2025-07-25T15:25:29Z
http,193.106.109.195,80,False,,2025-07-25T15:36:54Z,,2025-07-25T15:25:29Z
http,197.248.201.97,8080,False,,2025-07-25T15:36:53Z,,2025-07-25T15:25:29Z
http,47.245.117.43,80,True,5141.062048001913,2025-07-25T15:36:51Z,2025-07-31T09:35:14.005001Z,2025-07-25T15:25:29Z
http,176.126.103.194,44214,True,3977.6975759996276,2025-07-25T15:36:55Z,2025-07-31T09:35:13.921481Z,2025-07-25T15:25:29Z
http,185.32.124.132,35408,False,,2025-07-25T15:36:51Z,,2025-07-25T15:25:29Z
http,103.232.20.130,8080,False,,2025-07-25T15:36:54Z,,2025-07-25T15:25:29Z
http,108.141.130.146,80,False,,2025-07-25T15:36:53Z,,2025-07-25T15:25:29Z
http,36.37.86.26,9812,False,,2025-07-25T15:36:55Z,,2025-07-25T15:25:29Z
http,170.150.236.254,8080,False,,2025-07-25T15:36:51Z,,2025-07-25T15:25:29Z
http,190.121.146.75,999,False,,2025-07-25T15:36:54Z,,2025-07-25T15:25:29Z
http,31.47.42.186,1082,False,,2025-07-25T15:36:50Z,,2025-07-25T15:25:29Z
http,103.234.31.0,8080,False,,2025-07-25T15:36:53Z,,2025-07-25T15:25:29Z
http,200.117.0.225,999,False,,2025-07-25T15:36:51Z,,2025-07-25T15:25:29Z
http,103.42.118.29,8080,False,5461.160589999054,2025-07-25T15:36:55Z,,2025-07-25T15:25:29Z
http,217.76.245.24,999,False,,2025-07-25T15:36:50Z,,2025-07-25T15:25:29Z
http,183.80.8.20,16000,False,,2025-07-25T15:36:50Z,,2025-07-25T15:25:29Z
http,186.96.15.70,8080,False,,2025-07-25T15:36:54Z,,2025-07-25T15:25:29Z
http,64.227.147.52,3128,False,,2025-07-25T15:36:54Z,,2025-07-25T15:25:29Z
http,36.93.105.114,8085,False,,2025-07-25T15:36:55Z,,2025-07-25T15:25:29Z
http,115.127.83.142,1234,False,,2025-07-25T15:36:51Z,,2025-07-25T15:25:29Z
http,157.10.97.17,8080,False,,2025-07-25T15:36:51Z,,2025-07-25T15:25:29Z
http,38.194.235.146,999,False,,2025-07-25T15:36:55Z,,2025-07-25T15:25:29Z
http,49.147.78.83,8082,False,,2025-07-25T15:36:55Z,,2025-07-25T15:25:29Z
http,171.5.186.82,8080,False,,2025-07-25T15:36:51Z,,2025-07-25T15:25:29Z
http,180.191.16.105,8082,False,10860.194697001134,2025-07-25T15:36:52Z,,2025-07-25T15:25:29Z
http,223.205.38.141,8080,False,,2025-07-25T15:36:53Z,,2025-07-25T15:25:29Z
http,200.35.148.98,999,False,,2025-07-25T15:36:53Z,,2025-07-25T15:25:29Z
http,46.60.15.90,8080,False,,2025-07-25T15:36:54Z,,2025-07-25T15:25:29Z
http,102.38.7.110,1972,False,4860.513579002145,2025-07-25T15:36:54Z,,2025-07-25T15:25:29Z
http,103.155.196.47,8080,False,,2025-07-25T15:36:51Z,,2025-07-25T15:25:29Z
http,42.96.16.176,1312,False,,2025-07-25T15:36:51Z,,2025-07-25T15:25:29Z
http,124.83.74.218,8082,False,,2025-07-25T15:36:53Z,,2025-07-25T15:25:29Z
http,103.78.215.250,8080,False,,2025-07-25T15:36:51Z,,2025-07-25T15:25:29Z
http,104.238.30.12,34513,False,,2025-07-25T15:36:52Z,,2025-07-25T15:25:29Z
http,4.245.123.244,80,False,,2025-07-25T15:36:53Z,,2025-07-25T15:25:29Z
http,103.65.237.92,5678,False,,2025-07-25T15:36:53Z,,2025-07-25T15:25:29Z
http,34.231.230.113,80,False,,2025-07-25T15:36:53Z,,2025-07-25T15:25:29Z
http,47.74.157.194,80,False,,2025-07-25T15:36:54Z,,2025-07-25T15:25:29Z
http,190.128.248.134,999,False,,2025-07-25T15:36:54Z,,2025-07-25T15:25:29Z
http,209.97.150.167,8080,True,2283.4410030009167,2025-07-25T15:36:52Z,2025-07-31T09:35:13.871544Z,2025-07-25T15:25:29Z
http,84.39.112.144,3128,False,,2025-07-25T15:36:54Z,,2025-07-25T15:25:29Z
http,115.72.160.205,10001,False,,2025-07-25T15:36:53Z,,2025-07-25T15:25:29Z
http,27.71.138.207,16000,False,,2025-07-25T15:36:52Z,,2025-07-25T15:25:29Z
http,89.46.249.248,25585,False,,2025-07-25T15:36:53Z,,2025-07-25T15:25:29Z
http,150.109.110.94,3128,False,,2025-07-25T15:36:54Z,,2025-07-25T15:25:29Z
http,122.210.119.110,32323,False,,2025-07-25T15:36:50Z,,2025-07-25T15:25:29Z
http,171.241.121.1,4001,False,,2025-07-25T15:36:54Z,,2025-07-25T15:25:29Z
http,152.32.77.213,8095,False,,2025-07-25T15:36:50Z,,2025-07-25T15:25:29Z
http,161.35.70.249,8080,False,2686.4689649992215,2025-07-25T15:36:53Z,,2025-07-25T15:25:29Z
http,93.127.163.52,80,False,,2025-07-25T15:36:51Z,,2025-07-25T15:25:29Z
http,154.201.83.222,3128,False,,2025-07-25T15:36:53Z,,2025-07-25T15:25:29Z
http,185.8.67.98,8080,False,,2025-07-25T15:36:53Z,,2025-07-25T15:25:29Z
http,222.127.241.158,5050,False,,2025-07-25T15:36:55Z,,2025-07-25T15:25:29Z
http,31.220.78.244,80,False,,2025-07-25T15:36:54Z,,2025-07-25T15:25:29Z
http,124.108.6.20,8085,False,,2025-07-25T15:36:53Z,,2025-07-25T15:25:29Z
http,103.63.26.226,8080,False,,2025-07-25T15:36:53Z,,2025-07-25T15:25:29Z
http,94.23.9.170,80,False,,2025-07-25T15:36:53Z,,2025-07-25T15:25:29Z
http,47.236.37.129,18081,False,,2025-07-25T15:36:51Z,,2025-07-25T15:25:29Z
http,23.81.33.71,80,False,,2025-07-25T15:36:50Z,,2025-07-25T15:25:29Z
http,143.42.66.91,80,False,,2025-07-25T15:36:52Z,,2025-07-25T15:25:29Z
http,193.253.220.32,80,False,,2025-07-25T15:36:52Z,,2025-07-25T15:25:29Z
http,83.229.126.57,8118,False,,2025-07-25T15:36:53Z,,2025-07-25T15:25:29Z
http,181.119.94.16,999,False,,2025-07-25T15:36:51Z,,2025-07-25T15:25:29Z
http,38.60.109.55,80,False,,2025-07-25T15:36:51Z,,2025-07-25T15:25:29Z
http,123.141.181.24,5031,False,,2025-07-25T15:36:53Z,,2025-07-25T15:25:29Z
http,219.78.255.83,80,False,,2025-07-25T15:36:50Z,,2025-07-25T15:25:29Z
http,198.74.51.79,8888,False,,2025-07-25T15:36:52Z,,2025-07-25T15:25:29Z
http,195.85.250.61,3128,False,,2025-07-25T15:36:54Z,,2025-07-25T15:25:29Z
http,190.121.4.157,999,True,6895.076559001609,2025-07-25T15:36:53Z,2025-07-31T09:35:13.728847Z,2025-07-25T15:25:29Z
http,198.199.86.11,8080,True,4129.160953001701,2025-07-25T15:36:51Z,2025-07-31T09:35:13.929837Z,2025-07-25T15:25:29Z
http,103.112.53.211,6314,False,,2025-07-25T15:36:53Z,,2025-07-25T15:25:29Z
http,91.241.241.5,3128,False,,2025-07-25T15:36:53Z,,2025-07-25T15:25:29Z
http,123.141.181.86,5031,False,,2025-07-25T15:36:50Z,,2025-07-25T15:25:29Z
http,103.190.225.214,8080,False,,2025-07-25T15:36:53Z,,2025-07-25T15:25:29Z
http,154.65.39.8,80,False,,2025-07-25T15:36:50Z,,2025-07-25T15:25:29Z
http,188.235.146.220,40754,False,,2025-07-25T15:36:53Z,,2025-07-25T15:25:29Z
http,219.93.101.63,80,False,,2025-07-25T15:36:52Z,,2025-07-25T15:25:29Z
http,38.172.129.64,999,False,,2025-07-25T15:36:53Z,,2025-07-25T15:25:29Z
http,36.64.183.98,8080,False,,2025-07-25T15:36:54Z,,2025-07-25T15:25:29Z
http,109.195.113.65,8080,False,6487.703753002279,2025-07-25T15:36:52Z,,2025-07-25T15:25:29Z
http,185.130.28.5,56789,False,4265.723388998595,2025-07-25T15:36:51Z,,2025-07-25T15:25:29Z
http,197.255.125.12,80,False,,2025-07-25T15:36:53Z,,2025-07-25T15:25:29Z
http,43.154.134.238,50001,False,6755.963528001303,2025-07-25T15:36:54Z,,2025-07-25T15:25:29Z
http,80.94.229.155,8080,False,,2025-07-25T15:36:52Z,,2025-07-25T15:25:29Z
http,131.148.8.130,3128,False,,2025-07-25T15:36:52Z,,2025-07-25T15:25:29Z
http,190.94.213.6,999,False,,2025-07-25T15:36:52Z,,2025-07-25T15:25:29Z
http,185.224.248.228,3128,False,,2025-07-25T15:36:55Z,,2025-07-25T15:25:29Z
http,190.53.46.11,38525,False,,2025-07-25T15:36:53Z,,2025-07-25T15:25:29Z
http,163.61.55.103,1234,False,,2025-07-25T15:36:50Z,,2025-07-25T15:25:29Z
http,103.154.52.6,1111,False,,2025-07-25T15:36:50Z,,2025-07-25T15:25:29Z
http,212.113.112.84,1080,False,,2025-07-25T15:36:54Z,,2025-07-25T15:25:29Z
http,34.141.27.50,3128,False,,2025-07-25T15:36:54Z,,2025-07-25T15:25:29Z
http,155.94.241.131,3128,False,,2025-07-25T15:36:54Z,,2025-07-25T15:25:29Z
http,46.36.123.50,81,False,,2025-07-25T15:36:54Z,,2025-07-25T15:25:29Z
http,51.79.99.237,4502,False,3880.1869900016754,2025-07-25T15:36:53Z,,2025-07-25T15:25:29Z
http,202.61.199.166,80,False,,2025-07-25T15:36:53Z,,2025-07-25T15:25:29Z
http,129.146.169.173,3128,False,3672.333572001662,2025-07-25T15:36:54Z,,2025-07-25T15:25:29Z
http,177.72.156.75,8080,False,,2025-07-25T15:36:50Z,,2025-07-25T15:25:29Z
http,115.245.89.250,8080,False,,2025-07-25T15:36:53Z,,2025-07-25T15:25:29Z
http,27.50.29.180,8080,False,10559.239056001388,2025-07-25T15:36:51Z,,2025-07-25T15:25:29Z
http,151.236.24.38,80,False,,2025-07-25T15:36:51Z,,2025-07-25T15:25:29Z
http,209.14.98.6,8080,False,,2025-07-25T15:36:51Z,,2025-07-25T15:25:29Z
http,8.219.97.248,80,False,7548.216756000329,2025-07-25T15:36:54Z,,2025-07-25T15:25:29Z
http,58.187.70.153,16000,False,,2025-07-25T15:36:51Z,,2025-07-25T15:25:29Z
http,72.10.164.178,28247,False,,2025-07-25T15:36:52Z,,2025-07-25T15:25:29Z
http,102.209.76.109,8080,False,,2025-07-25T15:36:54Z,,2025-07-25T15:25:29Z
http,4.247.152.147,3128,False,,2025-07-25T15:36:55Z,,2025-07-25T15:25:29Z
http,91.239.17.22,8080,False,,2025-07-25T15:36:54Z,,2025-07-25T15:25:29Z
http,158.255.77.166,80,False,,2025-07-25T15:36:53Z,,2025-07-25T15:25:29Z
http,1.55.199.5,16000,False,9980.439330996887,2025-07-25T15:36:54Z,,2025-07-25T15:25:29Z
http,70.36.109.21,60013,False,,2025-07-25T15:36:50Z,,2025-07-25T15:25:29Z
http,206.42.12.236,8080,False,,2025-07-25T15:36:52Z,,2025-07-25T15:25:29Z
http,45.171.64.24,999,False,,2025-07-25T15:36:55Z,,2025-07-25T15:25:29Z
http,109.230.82.172,3128,True,5942.127254998923,2025-07-25T15:36:55Z,2025-07-31T09:35:14.030028Z,2025-07-25T15:25:29Z
http,103.194.175.174,7777,False,,2025-07-25T15:36:53Z,,2025-07-25T15:25:29Z
http,124.105.99.230,8080,False,,2025-07-25T15:36:50Z,,2025-07-25T15:25:29Z
http,103.23.141.253,8181,False,,2025-07-25T15:36:55Z,,2025-07-25T15:25:29Z
http,18.168.216.70,80,False,,2025-07-25T15:36:55Z,,2025-07-25T15:25:29Z
http,203.190.46.27,8080,False,,2025-07-25T15:36:51Z,,2025-07-25T15:25:29Z
http,103.183.8.118,8090,False,,2025-07-25T15:36:51Z,,2025-07-25T15:25:29Z
http,59.29.182.162,8888,True,3115.6637009989936,2025-07-25T15:36:54Z,2025-07-31T09:35:13.896494Z,2025-07-25T15:25:29Z
http,72.10.160.91,18749,False,,2025-07-25T15:36:54Z,,2025-07-25T15:25:29Z
http,122.52.157.209,8081,False,,2025-07-25T15:36:52Z,,2025-07-25T15:25:29Z
http,102.66.104.162,8865,False,,2025-07-25T15:36:55Z,,2025-07-25T15:25:29Z
http,50.122.86.118,80,False,,2025-07-25T15:36:55Z,,2025-07-25T15:25:29Z
http,78.101.197.176,8080,False,,2025-07-25T15:36:53Z,,2025-07-25T15:25:29Z
http,103.214.102.171,8083,False,,2025-07-25T15:36:51Z,,2025-07-25T15:25:29Z
http,47.91.104.88,3128,False,,2025-07-25T15:36:52Z,,2025-07-25T15:25:29Z
http,3.134.32.96,80,False,,2025-07-25T15:36:51Z,,2025-07-25T15:25:29Z
http,200.56.239.66,999,False,,2025-07-25T15:36:52Z,,2025-07-25T15:25:29Z
http,103.82.133.131,8888,False,,2025-07-25T15:36:53Z,,2025-07-25T15:25:29Z
http,91.65.103.34,80,False,,2025-07-25T15:36:52Z,,2025-07-25T15:25:29Z
http,27.79.209.201,16000,False,,2025-07-25T15:36:51Z,,2025-07-25T15:25:29Z
http,37.120.206.88,8080,False,,2025-07-25T15:36:53Z,,2025-07-25T15:25:29Z
http,219.65.73.81,80,False,,2025-07-25T15:36:54Z,,2025-07-25T15:25:29Z
http,94.46.172.104,80,False,,2025-07-25T15:36:52Z,,2025-07-25T15:25:29Z
http,31.14.114.73,1081,True,4167.206550002447,2025-07-25T15:36:55Z,2025-07-31T09:35:13.938219Z,2025-07-25T15:25:29Z
http,103.196.85.26,8080,True,8766.872137002792,2025-07-25T15:36:54Z,2025-07-31T09:35:13.787544Z,2025-07-25T15:25:29Z
http,190.61.55.19,999,False,,2025-07-25T15:36:53Z,,2025-07-25T15:25:29Z
http,35.234.154.79,10004,False,5596.839604997513,2025-07-25T15:36:53Z,,2025-07-25T15:25:29Z
http,41.254.48.66,1976,False,,2025-07-25T15:36:54Z,,2025-07-25T15:25:29Z
http,223.17.51.108,80,False,,2025-07-25T15:36:52Z,,2025-07-25T15:25:29Z
http,190.8.34.212,999,False,,2025-07-25T15:36:50Z,,2025-07-25T15:25:29Z
http,103.72.137.241,8080,False,,2025-07-25T15:36:52Z,,2025-07-25T15:25:29Z
http,45.230.170.30,999,False,,2025-07-25T15:36:54Z,,2025-07-25T15:25:29Z
http,58.136.170.157,8080,False,,2025-07-25T15:36:54Z,,2025-07-25T15:25:29Z
http,90.162.35.34,80,False,,2025-07-25T15:36:50Z,,2025-07-25T15:25:29Z
http,84.53.245.42,41258,False,,2025-07-25T15:36:51Z,,2025-07-25T15:25:29Z
http,27.79.247.12,16000,False,,2025-07-25T15:36:52Z,,2025-07-25T15:25:29Z
http,162.254.131.254,8087,False,,2025-07-25T15:36:54Z,,2025-07-25T15:25:29Z
http,45.249.77.145,83,False,,2025-07-25T15:36:52Z,,2025-07-25T15:25:29Z
http,181.204.81.179,999,False,,2025-07-25T15:36:53Z,,2025-07-25T15:25:29Z
http,192.81.129.252,3135,False,,2025-07-25T15:36:51Z,,2025-07-25T15:25:30Z
http,103.238.232.158,8080,False,,2025-07-25T15:36:51Z,,2025-07-25T15:25:30Z
http,31.14.114.75,1081,True,2789.548823999212,2025-07-25T15:36:51Z,2025-07-31T09:35:13.888192Z,2025-07-25T15:25:30Z
http,142.171.157.207,3128,False,,2025-07-25T15:36:55Z,,2025-07-25T15:25:30Z
http,27.72.235.106,3128,False,,2025-07-25T15:36:55Z,,2025-07-25T15:25:30Z
http,103.247.23.119,8080,False,,2025-07-25T15:36:51Z,,2025-07-25T15:25:30Z
http,154.205.147.234,1080,False,,2025-07-25T15:36:53Z,,2025-07-25T15:25:30Z
http,177.234.211.95,999,False,,2025-07-25T15:36:52Z,,2025-07-25T15:25:30Z
http,196.204.83.232,1976,False,,2025-07-25T15:36:51Z,,2025-07-25T15:25:30Z
http,54.219.186.252,9909,False,,2025-07-25T15:36:52Z,,2025-07-25T15:25:30Z
http,193.124.225.217,3128,False,,2025-07-25T15:36:52Z,,2025-07-25T15:25:30Z
http,165.90.64.216,8080,False,,2025-07-25T15:36:51Z,,2025-07-25T15:25:30Z
http,117.4.50.142,32650,False,,2025-07-25T15:36:50Z,,2025-07-25T15:25:30Z
http,1.2.223.164,3128,False,,2025-07-25T15:36:54Z,,2025-07-25T15:25:30Z
http,64.227.134.174,3128,False,,2025-07-25T15:36:52Z,,2025-07-25T15:25:30Z
http,154.73.29.161,8080,False,,2025-07-25T15:36:50Z,,2025-07-25T15:25:30Z
http,62.99.138.162,80,False,,2025-07-25T15:36:51Z,,2025-07-25T15:25:30Z
http,103.147.85.28,8080,False,,2025-07-25T15:36:54Z,,2025-07-25T15:25:30Z
http,103.155.167.26,1111,False,,2025-07-25T15:36:55Z,,2025-07-25T15:25:30Z
http,195.88.71.201,8888,True,6451.853637998283,2025-07-25T15:36:52Z,2025-07-31T09:35:14.046762Z,2025-07-25T15:25:30Z
http,157.20.253.167,8080,False,,2025-07-25T15:36:55Z,,2025-07-25T15:25:30Z
http,190.94.212.82,999,False,,2025-07-25T15:36:50Z,,2025-07-25T15:25:30Z
http,24.152.58.22,999,False,,2025-07-25T15:36:51Z,,2025-07-25T15:25:30Z
http,51.195.236.200,21688,False,,2025-07-25T15:36:50Z,,2025-07-25T15:25:30Z
http,96.93.124.209,31060,False,,2025-07-25T15:36:54Z,,2025-07-25T15:25:30Z
http,154.16.146.46,80,False,,2025-07-25T15:36:54Z,,2025-07-25T15:25:30Z
http,103.39.75.123,8080,False,,2025-07-25T15:36:53Z,,2025-07-25T15:25:30Z
http,96.9.89.156,31231,False,,2025-07-25T15:36:55Z,,2025-07-25T15:25:30Z
http,188.132.222.12,8080,False,,2025-07-25T15:36:52Z,,2025-07-25T15:25:30Z
http,45.225.120.36,40033,False,,2025-07-25T15:36:53Z,,2025-07-25T15:25:30Z
http,8.213.134.213,30000,False,,2025-07-25T15:36:52Z,,2025-07-25T15:25:30Z
http,144.139.210.56,80,False,,2025-07-25T15:36:51Z,,2025-07-25T15:25:30Z
http,41.174.96.38,32650,False,,2025-07-25T15:36:54Z,,2025-07-25T15:25:30Z
http,147.75.34.74,10019,False,,2025-07-25T15:36:54Z,,2025-07-25T15:25:30Z
http,103.141.150.148,8080,False,,2025-07-25T15:36:53Z,,2025-07-25T15:25:30Z
http,103.222.255.106,8080,False,,2025-07-25T15:36:51Z,,2025-07-25T15:25:30Z
http,38.191.90.65,999,False,,2025-07-25T15:36:53Z,,2025-07-25T15:25:30Z
http,157.20.142.34,9595,False,,2025-07-25T15:36:55Z,,2025-07-25T15:25:30Z
http,45.175.232.75,999,False,,2025-07-25T15:36:52Z,,2025-07-25T15:25:30Z
http,68.185.57.66,80,False,,2025-07-25T15:36:55Z,,2025-07-25T15:25:30Z
http,24.172.34.114,49920,False,,2025-07-25T15:36:51Z,,2025-07-25T15:25:30Z
http,103.193.144.100,8080,False,,2025-07-25T15:36:52Z,,2025-07-25T15:25:30Z
http,47.251.73.54,888,False,,2025-07-25T15:36:53Z,,2025-07-25T15:25:30Z
http,93.241.82.48,8080,False,,2025-07-25T15:36:53Z,,2025-07-25T15:25:30Z
http,34.48.171.130,33080,False,3588.784740997653,2025-07-25T15:36:51Z,,2025-07-25T15:25:30Z
http,190.60.60.219,8080,False,,2025-07-25T15:36:50Z,,2025-07-25T15:25:30Z
http,5.202.191.225,8080,False,,2025-07-25T15:36:51Z,,2025-07-25T15:25:30Z
http,103.96.79.75,8080,False,,2025-07-25T15:36:54Z,,2025-07-25T15:25:30Z
http,42.200.253.4,8080,False,7599.912478999613,2025-07-25T15:36:54Z,,2025-07-25T15:25:30Z
http,189.203.180.244,999,False,,2025-07-25T15:36:50Z,,2025-07-25T15:25:30Z
http,45.88.138.31,3128,False,,2025-07-25T15:36:51Z,,2025-07-25T15:25:30Z
http,119.93.33.130,8082,False,,2025-07-25T15:36:51Z,,2025-07-25T15:25:30Z
http,1.55.192.84,16000,True,10042.54673700052,2025-07-25T15:36:53Z,2025-07-31T09:35:13.838015Z,2025-07-25T15:25:30Z
http,87.242.9.167,53281,False,,2025-07-25T15:36:53Z,,2025-07-25T15:25:30Z
http,182.253.7.146,8180,False,,2025-07-25T15:36:50Z,,2025-07-25T15:25:30Z
http,103.156.17.27,8818,False,,2025-07-25T15:36:50Z,,2025-07-25T15:25:30Z
http,186.124.164.213,80,False,,2025-07-25T15:36:50Z,,2025-07-25T15:25:30Z
http,103.55.225.38,8080,False,,2025-07-25T15:36:53Z,,2025-07-25T15:25:30Z
http,147.75.34.105,443,False,,2025-07-25T15:36:52Z,,2025-07-25T15:25:30Z
http,47.90.205.231,33333,False,9272.332507000101,2025-07-25T15:36:54Z,,2025-07-25T15:25:30Z
http,103.166.213.122,8082,False,,2025-07-25T15:36:52Z,,2025-07-25T15:25:30Z
http,51.91.109.83,80,False,,2025-07-25T15:36:51Z,,2025-07-25T15:25:30Z
http,164.163.178.61,8080,False,,2025-07-25T15:36:55Z,,2025-07-25T15:25:30Z
http,200.125.169.166,999,False,,2025-07-25T15:36:51Z,,2025-07-25T15:25:30Z
http,103.146.184.101,8090,False,,2025-07-25T15:36:54Z,,2025-07-25T15:25:30Z
http,49.146.58.86,8082,True,5880.012702000386,2025-07-25T15:36:52Z,2025-07-31T09:35:14.021676Z,2025-07-25T15:25:30Z
http,103.155.199.104,8080,False,,2025-07-25T15:36:53Z,,2025-07-25T15:25:30Z
http,193.34.237.41,3128,False,,2025-07-25T15:36:50Z,,2025-07-25T15:25:30Z
http,87.106.144.63,3128,False,,2025-07-25T15:36:52Z,,2025-07-25T15:25:30Z
http,84.246.85.52,3128,False,,2025-07-25T15:36:52Z,,2025-07-25T15:25:30Z
http,157.100.56.13,8080,False,,2025-07-25T15:36:52Z,,2025-07-25T15:25:30Z
http,36.95.169.154,8080,False,,2025-07-25T15:36:50Z,,2025-07-25T15:25:30Z
http,156.244.11.6,80,False,,2025-07-25T15:36:50Z,,2025-07-25T15:25:30Z
http,103.164.223.53,3128,False,,2025-07-25T15:36:52Z,,2025-07-25T15:25:30Z
http,89.117.145.245,3128,True,8690.546550998988,2025-07-25T15:36:55Z,2025-07-31T09:35:13.779263Z,2025-07-25T15:25:30Z
http,130.193.56.133,3128,False,,2025-07-25T15:36:54Z,,2025-07-25T15:25:30Z
http,103.130.70.233,83,False,,2025-07-25T15:36:54Z,,2025-07-25T15:25:30Z
http,36.64.181.82,8080,False,,2025-07-25T15:36:54Z,,2025-07-25T15:25:30Z
http,202.88.251.73,8080,False,,2025-07-25T15:36:55Z,,2025-07-25T15:25:30Z
http,82.209.251.53,45678,False,,2025-07-25T15:36:54Z,,2025-07-25T15:25:30Z
http,202.35.251.72,8080,False,,2025-07-25T15:36:51Z,,2025-07-25T15:25:30Z
http,202.62.84.210,53281,False,,2025-07-25T15:36:50Z,,2025-07-25T15:25:30Z
http,188.72.43.129,47193,False,,2025-07-25T15:36:51Z,,2025-07-25T15:25:30Z
http,160.19.18.99,8080,True,9868.882235998171,2025-07-25T15:36:52Z,2025-07-31T09:35:13.812615Z,2025-07-25T15:25:30Z
http,45.188.76.107,999,False,,2025-07-25T15:36:54Z,,2025-07-25T15:25:30Z
http,176.105.199.153,8010,False,,2025-07-25T15:36:50Z,,2025-07-25T15:25:30Z
http,190.60.57.42,3128,False,,2025-07-25T15:36:51Z,,2025-07-25T15:25:30Z
http,200.114.97.71,999,False,,2025-07-25T15:36:53Z,,2025-07-25T15:25:30Z
http,181.78.83.3,999,False,,2025-07-25T15:36:54Z,,2025-07-25T15:25:30Z
http,109.230.89.126,3128,False,,2025-07-25T15:36:50Z,,2025-07-25T15:25:30Z
http,45.178.174.132,3128,False,,2025-07-25T15:36:55Z,,2025-07-25T15:25:30Z
http,181.119.84.103,999,False,4512.178630000562,2025-07-25T15:36:54Z,,2025-07-25T15:25:30Z
http,103.85.183.30,4995,False,,2025-07-25T15:36:51Z,,2025-07-25T15:25:30Z
http,174.138.30.119,443,False,,2025-07-25T15:36:50Z,,2025-07-25T15:25:30Z
http,103.169.72.156,3128,False,,2025-07-25T15:36:51Z,,2025-07-25T15:25:30Z
http,200.125.171.60,999,False,,2025-07-25T15:36:51Z,,2025-07-25T15:25:30Z
http,14.225.240.23,8562,False,,2025-07-25T15:36:52Z,,2025-07-25T15:25:30Z
http,116.96.94.33,16000,False,,2025-07-25T15:36:50Z,,2025-07-25T15:25:30Z
http,66.54.106.56,8104,True,7132.005927000137,2025-07-25T15:36:51Z,2025-07-31T09:35:13.737253Z,2025-07-25T15:25:30Z
http,186.231.33.58,61804,False,,2025-07-25T15:36:52Z,,2025-07-25T15:25:30Z
http,216.74.118.201,6356,False,,2025-07-25T15:26:43Z,,2025-07-25T15:26:43Z
http,8.243.67.190,8080,False,,2025-07-25T15:26:43Z,,2025-07-25T15:26:43Z
http,45.38.45.211,6150,False,,2025-07-25T15:26:43Z,,2025-07-25T15:26:43Z
http,45.66.209.216,8085,False,,2025-07-25T15:26:43Z,,2025-07-25T15:26:43Z
http,193.56.20.41,8085,False,,2025-07-25T15:26:43Z,,2025-07-25T15:26:43Z
http,93.177.94.253,8085,False,,2025-07-25T15:26:44Z,,2025-07-25T15:26:44Z
http,47.91.65.23,3128,False,,2025-07-25T15:26:44Z,,2025-07-25T15:26:44Z
http,193.233.210.77,8085,False,,2025-07-25T15:26:45Z,,2025-07-25T15:26:45Z
http,193.163.92.144,8085,False,,2025-07-25T15:26:45Z,,2025-07-25T15:26:45Z
http,45.56.173.113,6096,False,,2025-07-25T15:26:45Z,,2025-07-25T15:26:45Z
http,45.39.18.98,6534,False,,2025-07-25T15:26:45Z,,2025-07-25T15:26:45Z
http,23.237.210.82,80,True,4276.076485999511,2025-07-25T15:26:45Z,2025-07-31T09:35:13.954925Z,2025-07-25T15:26:45Z
http,190.12.150.244,999,False,,2025-07-25T15:26:46Z,,2025-07-25T15:26:46Z
http,194.180.236.78,8085,False,,2025-07-25T15:26:46Z,,2025-07-25T15:26:46Z
http,38.170.157.197,9236,False,,2025-07-25T15:26:46Z,,2025-07-25T15:26:46Z
http,193.233.230.205,8085,False,,2025-07-25T15:26:47Z,,2025-07-25T15:26:47Z
http,45.43.81.132,5779,False,,2025-07-25T15:26:47Z,,2025-07-25T15:26:47Z
http,18.224.188.107,3128,False,,2025-07-25T15:26:47Z,,2025-07-25T15:26:47Z
http,93.177.95.151,8085,False,,2025-07-25T15:26:47Z,,2025-07-25T15:26:47Z
http,165.22.218.125,3128,False,,2025-07-25T15:26:47Z,,2025-07-25T15:26:47Z
http,113.162.238.139,20499,False,,2025-07-25T15:26:47Z,,2025-07-25T15:26:47Z
http,8.209.255.13,3128,False,,2025-07-25T15:26:47Z,,2025-07-25T15:26:47Z
http,45.136.25.39,8085,False,,2025-07-25T15:26:47Z,,2025-07-25T15:26:47Z
http,178.20.212.18,8085,False,,2025-07-25T15:26:48Z,,2025-07-25T15:26:48Z
http,34.87.84.105,80,False,,2025-07-25T15:26:48Z,,2025-07-25T15:26:48Z
http,185.77.223.16,8085,False,,2025-07-25T15:26:48Z,,2025-07-25T15:26:48Z
http,193.163.92.50,8085,False,,2025-07-25T15:26:48Z,,2025-07-25T15:26:48Z
http,185.94.35.109,8085,False,,2025-07-25T15:26:48Z,,2025-07-25T15:26:48Z
http,176.213.141.107,8080,False,,2025-07-25T15:26:48Z,,2025-07-25T15:26:48Z
http,85.239.56.113,8085,False,,2025-07-25T15:26:48Z,,2025-07-25T15:26:48Z
http,45.147.10.152,8085,False,,2025-07-25T15:26:48Z,,2025-07-25T15:26:48Z
