Sample index,Multipacting max (uA),Pressure max (mBar),P transmise moy (W),NI9205_E4,NI9205_E7,NI9205_MP4l,NI9205_MP7l,NI9205_ERPA,NI9205_Power1,NI9205_Power2,NI9205_Arc1,NI9205_Penning1,NI9205_Penning2,NI9205_Penning,NI9205_MP8l,NI9205_dBm,NI9205_TTi,NI9205_Keithley,NI9205_Spellman,T1,T2,T3,T4,Folder :,250424-161215-MVE5-120M-50O-BDTcomp-ERPA1-Vgrille-1dBm
1,0,0.004761109559,0.6831021446,3.331197712,3.380612037,14.23961046,13.39071054,0.009798704016,3.026848295,2.34374615,0.01669219586,0.004761109559,0.000000000100154004,0.00000000005663245476,13.44521759,-20,NaN,NaN,0,22.46,1413.1,19.76,22.54,E1 att:,-77.3
2,0,0.004761109559,1.076687697,3.329901462,3.380612037,14.23961046,13.39071054,0.008813919471,3.420433847,2.34374615,0.01669219586,0.004761109559,0.000000000100154004,0.00000000005666303847,13.44521759,-20,NaN,NaN,0,22.47,1413.1,19.77,22.53,E1 a:,10.30171
3,0,0.004761109559,1.076687697,3.331197712,3.380612037,14.23961046,14.08005973,0.01144001159,3.420433847,2.34374615,0.01669219586,0.004761109559,0.000000000100154004,0.00000000005666303847,13.44521759,-20,NaN,NaN,0,22.46,1413.1,19.77,22.55,E1 b:,-51.73648
4,0,0.004761109559,1.076687697,3.328605716,3.380612037,14.23961046,13.39071054,0.006187827354,3.420433847,2.34374615,0.01833350345,0.004761109559,0.000000000100154004,0.00000000005669363869,13.44521759,-20,NaN,NaN,0,22.45,1413.1,19.77,22.54,E2 att:,-74.4
5,0,0.004761109559,1.076687697,3.329901462,3.379289898,14.6368069,13.73538513,0.01242479614,3.420433847,2.34374615,0.01669219586,0.004761109559,0.000000000100154004,0.00000000005657133686,13.44521759,-20,NaN,NaN,0,22.44,1413.1,19.77,22.53,E2 a:,10.25929
6,0,0.004761109559,1.140039725,3.329901462,3.377968276,17.01998551,15.80343269,0.01373784221,3.814019399,2.673979674,0.01800524193,0.004761109559,0.0000000001000999462,0.00000000005660188756,13.04802116,-20,NaN,NaN,0,22.45,1413.1,19.78,22.52,E2 b:,-51.24233
7,0,0.004761109559,1.076687697,3.331197712,3.379289898,15.03400333,13.73538513,0.008157396441,3.420433847,2.34374615,0.01833350345,0.004761109559,0.000000000100154004,0.00000000005663245476,13.84241403,-20,NaN,NaN,0,22.43,1413.1,19.78,22.52,E3 att:,-73.9
8,0,0.004761109559,1.470273249,3.329901462,3.379289898,19.00596769,15.1140835,0.00585956584,3.814019399,2.34374615,0.01964654953,0.004761109559,0.000000000100154004,0.00000000005663245476,13.84241403,-20,NaN,NaN,0,22.43,1413.1,19.78,22.52,E3 a:,10.32683
9,0,0.004761109559,1.140039725,3.329901462,3.377968276,16.62278907,14.42473432,0.008157396441,3.814019399,2.673979674,0.01866176497,0.004761109559,0.000000000100154004,0.00000000005660188756,13.04802116,-20,NaN,NaN,0,22.42,1413.1,19.79,22.52,E3 b:,-51.58608
10,0,0.004761109559,1.140039725,3.329901462,3.379289898,16.62278907,14.76940891,0.008813919471,3.814019399,2.673979674,0.01767698042,0.004761109559,0.000000000100154004,0.00000000005657133686,13.04802116,-20,NaN,NaN,0,22.44,1413.1,19.8,22.52,E4 att:,-74.6
11,0,0.004761109559,0.6831021446,3.331197712,3.380612037,14.6368069,13.04603595,0.006187827354,3.026848295,2.34374615,0.01669219586,0.004761109559,0.000000000100154004,0.00000000005663245476,13.44521759,-20,NaN,NaN,0,22.41,1413.1,19.77,22.51,E4 a:,10.29834
12,0,0.004761109559,0.7464541731,3.329901462,3.377968276,16.62278907,14.76940891,0.008485657956,3.420433847,2.673979674,0.01964654953,0.004761109559,0.0000000001000999462,0.00000000005660188756,13.44521759,-20,NaN,NaN,0,22.36,1413.1,19.92,22.43,E4 b:,-51.48216
13,0,0.004761109559,1.140039725,3.329901462,3.379289898,16.22559264,15.1140835,0.01373784221,3.814019399,2.673979674,0.01767698042,0.004761109559,0.000000000100154004,0.00000000005660188756,13.44521759,-20,NaN,NaN,0,22.36,1413.1,19.92,22.43,E5 att:,-75.5
14,0,0.004761109559,1.140039725,3.329901462,3.379289898,14.6368069,13.73538513,0.01373784221,3.814019399,2.673979674,0.0173487189,0.004761109559,0.000000000100154004,0.00000000005660188756,13.44521759,-20,NaN,NaN,0,22.36,1413.1,19.91,22.44,E5 a:,10.28806
15,0,0.004761109559,1.076687697,3.329901462,3.379289898,15.43119977,14.42473432,0.01406610372,3.420433847,2.34374615,0.0173487189,0.004761109559,0.000000000100154004,0.00000000005660188756,13.04802116,-20,NaN,NaN,0,22.36,1413.1,19.91,22.44,E5 b:,-51.33708
16,0,0.004761109559,0.7464541731,3.329901462,3.377968276,17.81437838,16.49278188,0.008157396441,3.420433847,2.673979674,0.01997481105,0.004761109559,0.000000000100154004,0.00000000005663245476,13.44521759,-20,NaN,NaN,0,22.35,1413.1,19.9,22.44,E6 att:,-75.1
17,0,0.004761109559,0.8068109891,3.331197712,3.379289898,16.62278907,14.76940891,0.01406610372,3.814019399,3.00720841,0.01767698042,0.004761109559,0.000000000100154004,0.00000000005660188756,13.04802116,-20,NaN,NaN,0,22.35,1413.1,19.9,22.44,E6 a:,10.32523
18,0,0.004761109559,1.140039725,3.329901462,3.379289898,15.8283962,14.08005973,0.01439436524,3.814019399,2.673979674,0.01767698042,0.004761109559,0.000000000100154004,0.00000000005660188756,13.44521759,-20,NaN,NaN,0,22.35,1413.1,19.9,22.44,E6 b:,-51.47335
19,0,0.004761109559,0.7464541731,3.329901462,3.379289898,18.21157481,16.49278188,0.008485657956,3.420433847,2.673979674,0.01997481105,0.004761109559,0.000000000100154004,0.00000000005660188756,13.44521759,-20,NaN,NaN,0,22.35,1413.1,19.9,22.44,E7 att:,-74.9
20,0,0.004761109559,0.3528686209,3.329901462,3.380612037,14.6368069,13.04603595,0.008157396441,3.026848295,2.673979674,0.01931828801,0.004761109559,0.000000000100154004,0.00000000005657133686,13.84241403,-20,NaN,NaN,0,22.36,1413.1,19.91,22.44,E7 a:,10.3505
21,0,0.004761109559,1.140039725,3.329901462,3.379289898,16.22559264,14.76940891,0.01406610372,3.814019399,2.673979674,0.01767698042,0.004761109559,0.000000000100154004,0.00000000005660188756,13.44521759,-20,NaN,NaN,0,22.36,1413.1,19.91,22.44,E7 b:,-51.62198
22,0,0.004761109559,0.7464541731,3.329901462,3.377968276,17.01998551,15.80343269,0.008157396441,3.420433847,2.673979674,0.01997481105,0.004761109559,0.000000000100154004,0.00000000005657133686,13.44521759,-20,NaN,NaN,0,22.37,1413.1,19.9,22.44,E8 att:,NaN
23,0,0.004761109559,1.140039725,3.329901462,3.379289898,16.22559264,15.1140835,0.008813919471,3.814019399,2.673979674,0.01800524193,0.004761109559,0.000000000100154004,0.00000000005651028492,13.44521759,-20,NaN,NaN,0,22.37,1413.1,19.9,22.44,E8 a:,NaN
24,0,0.004761109559,1.470273249,3.328605716,3.377968276,18.21157481,14.08005973,0.005203042812,3.814019399,2.34374615,0.01997481105,0.004761109559,0.000000000100154004,0.00000000005647978367,13.44521759,-20,NaN,NaN,0,22.33,1413.1,19.91,22.45,E8 b:,NaN
25,0,0.004761109559,1.140039725,3.329901462,3.379289898,15.03400333,14.08005973,0.01406610372,3.814019399,2.673979674,0.0173487189,0.004761109559,0.000000000100154004,0.00000000005647978367,13.84241403,-20,NaN,NaN,0,22.33,1413.1,19.91,22.43,E9 att:,NaN
26,0,0.004761109559,1.140039725,3.329901462,3.379289898,17.41718194,15.4587581,0.007500873411,3.814019399,2.673979674,0.01800524193,0.004761109559,0.000000000100154004,0.00000000005651028492,13.44521759,-20,NaN,NaN,0,22.35,1413.1,19.92,22.44,E9 a:,NaN
27,0,0.004761109559,1.140039725,3.329901462,3.380612037,16.22559264,15.1140835,0.01406610372,3.814019399,2.673979674,0.01767698042,0.004761109559,0.000000000100154004,0.00000000005647978367,13.44521759,-20,NaN,NaN,0,22.36,1413.1,19.91,22.43,E9 b:,NaN
28,0,0.004761109559,1.470273249,3.329901462,3.379289898,17.81437838,14.76940891,0.004874781298,3.814019399,2.34374615,0.01997481105,0.004761109559,0.000000000100154004,0.00000000005644929887,13.44521759,-20,NaN,NaN,0,22.34,1413.1,19.93,22.44,NI9205_MP1l a:,1210
29,0,0.004761109559,1.403566947,3.328605716,3.379289898,14.6368069,13.39071054,0.006516088868,3.420433847,2.0168669,0.01899002649,0.004761109559,0.0000000001000999462,0.00000000005651028492,13.44521759,-20,NaN,NaN,0,22.36,1413.1,19.93,22.42,NI9205_MP2l a:,1210
30,0,0.004761109559,1.140039725,3.329901462,3.379289898,15.03400333,13.73538513,0.01340958069,3.814019399,2.673979674,0.0173487189,0.004761109559,0.000000000100154004,0.00000000005647978367,13.44521759,-20,NaN,NaN,0,22.34,1413.1,19.94,22.43,NI9205_MP3l a:,1210
31,0,0.004761109559,1.470273249,3.329901462,3.380612037,14.6368069,14.08005973,0.01275305766,3.814019399,2.34374615,0.01702045738,0.004761109559,0.0000000001000999462,0.00000000005641883053,13.44521759,-20,NaN,NaN,0,22.33,1413.1,19.93,22.42,NI9205_MP4l a:,1210
32,0,0.004761109559,1.076687697,3.329901462,203.0073599,785.1981908,709.9783468,0.7053851556,3.420433847,2.34374615,0.01964654953,0.004761109559,0.000000000100154004,0.00000000005644929887,13.44521759,-20,NaN,NaN,0,22.34,1413.1,19.93,22.42,NI9205_MP5l a:,1210
33,0,0.004761109559,173.5118866,3.329901462,200.8745369,617.5811725,507.3095379,0.6338240824,176.0866642,2.57477762,0.01833350345,0.004761109559,0.000000000100154004,0.00000000005644929887,13.84241403,-20,NaN,NaN,0,22.34,1413.1,19.93,22.41,NI9205_MP6l a:,1220
34,0,0.004761109559,173.1795217,3.329901462,200.4036276,632.6746467,521.4412046,0.6384197474,176.0866642,2.907142499,0.0173487189,0.004761109559,0.000000000100154004,0.00000000005644929887,13.44521759,-20,NaN,NaN,0,22.34,1413.1,19.92,22.43,NI9205_MP7l a:,1050
35,0,0.004761109559,172.7859361,3.329901462,200.1685871,643.3989574,530.0580747,0.6410458417,175.6930786,2.907142499,0.01767698042,0.004761109559,0.000000000100154004,0.00000000005647978367,13.44521759,-20,NaN,NaN,0,22.33,1413.1,19.89,22.42,NI9205_MP8l a:,1210
36,0,0.004761109559,173.1795217,3.329901462,200.3252501,656.5064485,540.0536441,0.6446567214,176.0866642,2.907142499,0.01997481105,0.004761109559,0.0000000001000999462,0.00000000005644929887,13.04802116,-20,NaN,NaN,0,22.34,1413.1,19.88,22.42,NI9205_MP9l a:,500
37,0,0.004761109559,172.7247153,3.329901462,199.8556285,662.8615958,545.9131159,0.6380914856,175.2994929,2.57477762,0.01997481105,0.004761109559,0.000000000100154004,0.00000000005644929887,13.84241403,-20,NaN,NaN,0,22.34,1413.1,19.86,22.41,NI9201_MP1m a:,1
38,0,0.004761109559,172.7859361,3.329901462,199.6212307,662.4643991,542.8110426,0.64990891,175.6930786,2.907142499,0.0173487189,0.004761109559,0.000000000100154004,0.00000000005638837863,13.84241403,-20,NaN,NaN,0,22.32,1413.1,19.85,22.41,NI9201_MP2m a:,1
39,0,0.004761109559,173.0539862,3.329901462,199.7774653,663.6559892,542.121693,0.6495806483,175.2994929,2.245506766,0.01866176497,0.004761109559,0.000000000100154004,0.00000000005647978367,13.44521759,-20,NaN,NaN,0,22.33,1413.1,19.82,22.41,NI9201_MP3m a:,1
40,0,0.004761109559,172.3923505,3.329901462,200.0903015,668.4223497,544.1897419,0.6522067426,175.2994929,2.907142499,0.01767698042,0.004761109559,0.0000000001000999462,0.00000000005644929887,13.84241403,-20,NaN,NaN,0,22.32,1413.1,19.82,22.41,NI9201_MP4m a:,1
41,0,0.004761109559,171.9987648,3.329901462,199.7774653,669.2167431,544.8790915,0.6489241247,174.9059073,2.907142499,0.01931828801,0.004761109559,0.000000000100154004,0.00000000005644929887,13.84241403,-20,NaN,NaN,0.005,22.32,1413.1,19.81,22.41,NI9201_MP5m a:,1
42,0,0.004761109559,172.1130918,3.331197712,199.4651183,675.1746937,552.1172626,0.654832837,175.6930786,3.579986776,0.01767698042,0.004761109559,0.000000000100154004,0.00000000005641883053,13.84241403,-20,NaN,NaN,0.005,22.33,1413.1,19.79,22.41,NI9201_MP6m a:,1
43,0,0.004761109559,171.6636121,3.329901462,199.3871078,681.9270379,555.5640108,0.651550219,174.9059073,3.24229523,0.01997481105,0.004761109559,0.0000000001000999462,0.00000000005644929887,13.44521759,-20,NaN,NaN,0.01,22.33,1413.1,19.77,22.4,NI9775_MP1r a:,1
44,0,0.004761109559,171.9987648,3.329901462,199.3871078,675.1746937,549.7045389,0.6485958629,174.9059073,2.907142499,0.01997481105,0.004761109559,0.000000000100154004,0.00000000005644929887,13.84241403,-20,NaN,NaN,0.01,22.33,1413.1,19.76,22.41,NI9775_MP2r a:,1
45,0,0.004761109559,171.3259206,3.329901462,199.8556285,677.9550707,551.7725878,0.6564741459,174.9059073,3.579986776,0.01767698042,0.004761109559,0.000000000100154004,0.00000000005644929887,13.44521759,-20,NaN,NaN,0.015,22.31,1413.1,19.75,22.39,,
46,0,0.004761109559,171.9987648,3.329901462,199.3871078,678.3522675,552.1172626,0.6462980303,174.9059073,2.907142499,0.01767698042,0.004761109559,0.0000000001000999462,0.00000000005644929887,13.44521759,-20,NaN,NaN,0.015,22.32,1413.1,19.74,22.4,,
47,0,0.004761109559,171.9987648,3.329901462,199.5431592,680.7354477,552.8066122,0.6282436321,174.9059073,2.907142499,0.0173487189,0.004761109559,0.000000000100154004,0.00000000005641883053,13.44521759,-20,NaN,NaN,0.02,22.31,1413.1,19.74,22.39,,
48,0,0.004761109559,171.6636121,3.329901462,199.0753711,682.3242346,556.2533604,0.6311979881,174.9059073,3.24229523,0.01899002649,0.004761109559,0.0000000001000999462,0.00000000005635794317,13.04802116,-20,NaN,NaN,0.02,22.3,1413.1,19.7,22.39,,
49,0,0.004761109559,171.9375441,3.331197712,198.9975131,679.1466609,552.4619374,0.6111740197,174.5123217,2.57477762,0.01702045738,0.004761109559,0.000000000100154004,0.00000000005644929887,13.84241403,-20,NaN,NaN,0.025,22.31,1413.1,19.7,22.39,,
50,0,0.004761109559,171.6636121,3.331197712,199.5431592,681.1326445,554.8746611,0.6197088258,174.9059073,3.24229523,0.01767698042,0.004761109559,0.000000000100154004,0.00000000005644929887,13.84241403,-20,NaN,NaN,0.025,22.32,1413.1,19.69,22.38,,
51,0,0.004761109559,171.6051792,3.328605716,199.3091279,680.7354477,554.8746611,0.5914783136,174.5123217,2.907142499,0.01800524193,0.004761109559,0.000000000100154004,0.00000000005635794317,13.84241403,-20,NaN,NaN,0.03,22.3,1413.1,19.69,22.37,,
52,0,0.004761109559,171.6051792,3.329901462,198.9975131,681.5298412,554.5299863,0.5987000724,174.5123217,2.907142499,0.01669219586,0.004761109559,0.0000000001000999462,0.00000000005638837863,13.44521759,-20,NaN,NaN,0.03,22.31,1413.1,19.67,22.36,,
53,0,0.004761109559,171.3259206,3.329901462,199.0753711,681.5298412,555.9086856,0.5468347154,174.9059073,3.579986776,0.01767698042,0.004761109559,0.000000000100154004,0.00000000005638837863,13.84241403,-20,NaN,NaN,0.035,22.31,1413.1,19.67,22.36,,
54,0,0.004761109559,171.9987648,3.329901462,199.3871078,684.3102182,557.2873848,0.3403581119,174.9059073,2.907142499,0.01702045738,0.004761109559,0.000000000100154004,0.00000000005635794317,13.84241403,-20,NaN,NaN,0.035,22.31,1413.1,19.65,22.35,,
55,0,0.004761109559,171.2700265,3.329901462,199.5431592,685.8990051,559.3554338,0.3334646174,174.5123217,3.24229523,0.01767698042,0.004761109559,0.0000000001000999462,0.00000000005629712153,13.44521759,-20,NaN,NaN,0.04,22.3,1413.1,19.63,22.36,,
56,0,0.004761109559,171.9375441,3.328605716,199.3871078,684.7074149,557.6320597,0.333792879,174.5123217,2.57477762,0.01866176497,0.004761109559,0.000000000100154004,0.00000000005638837863,13.44521759,-20,NaN,NaN,0.04,22.3,1413.1,19.62,22.36,,
57,0,0.004761109559,171.5439585,3.329901462,199.3091279,683.118628,558.6660841,0.3354341872,174.1187361,2.57477762,0.01669219586,0.004761109559,0.000000000100154004,0.00000000005635794317,13.84241403,-20,NaN,NaN,0.045,22.29,1413.1,19.62,22.35,,
58,0,0.004761109559,171.6636121,3.328605716,198.9975131,685.5018083,559.3554338,0.3324798324,174.9059073,3.24229523,0.01767698042,0.004761109559,0.000000000100154004,0.00000000005632752414,13.04802116,-20,NaN,NaN,0.045,22.3,1413.1,19.6,22.36,,
59,0,0.004761109559,171.3259206,3.329901462,199.4651183,685.1046116,559.3554338,0.3423276817,174.9059073,3.579986776,0.01767698042,0.004761109559,0.000000000100154004,0.00000000005632752414,13.44521759,-20,NaN,NaN,0.05,22.28,1413.1,19.61,22.33,,
60,0,0.004761109559,171.9987648,3.328605716,199.0753711,693.048546,565.5595805,0.333792879,174.9059073,2.907142499,0.01997481105,0.004761109559,0.000000000100154004,0.00000000005635794317,13.44521759,-20,NaN,NaN,0.05,22.29,1413.1,19.58,22.37,,
61,0,0.004761109559,172.0571977,3.329901462,199.3871078,689.0765788,562.802182,0.3347776639,175.2994929,3.24229523,0.01767698042,0.004761109559,0.0000000001000999462,0.00000000005632752414,13.04802116,-20,NaN,NaN,0.055,22.3,1413.1,19.59,22.36,,
62,0,0.004761109559,171.7195062,3.329901462,199.3871078,686.6933985,560.3894582,0.342984205,175.2994929,3.579986776,0.01767698042,0.004761109559,0.000000000100154004,0.00000000005632752414,13.44521759,-20,NaN,NaN,0.055,22.31,1413.1,19.57,22.36,,
63,0,0.004761109559,171.3259206,3.329901462,198.8418884,688.6793821,566.2489302,0.3354341872,174.9059073,3.579986776,0.01767698042,0.004761109559,0.000000000100154004,0.00000000005629712153,13.44521759,-20,NaN,NaN,0.06,22.29,1413.1,19.57,22.35,,
64,0,0.004761109559,171.5439585,3.329901462,199.1532595,683.5158247,561.0788079,0.3354341872,174.1187361,2.57477762,0.0173487189,0.004761109559,0.000000000100154004,0.00000000005635794317,13.84241403,-20,NaN,NaN,0.06,22.29,1413.1,19.56,22.36,,
65,0,0.004761109559,171.9375441,3.329901462,199.6993327,683.9130215,561.0788079,0.3351059256,174.5123217,2.57477762,0.01636393435,0.004761109559,0.000000000100154004,0.00000000005632752414,13.84241403,-20,NaN,NaN,0.065,22.28,1413.1,19.56,22.36,,
66,0,0.004761109559,171.2115936,3.329901462,199.0753711,684.3102182,560.734133,0.3357624489,174.1187361,2.907142499,0.01603567283,0.004761109559,0.000000000100154004,0.00000000005635794317,13.44521759,-20,NaN,NaN,0.065,22.3,1413.1,19.55,22.37,,
67,0,0.004761109559,171.2700265,3.329901462,199.1532595,683.9130215,561.4234827,0.3442972516,174.5123217,3.24229523,0.01800524193,0.004761109559,0.000000000100154004,0.00000000005632752414,13.44521759,-20,NaN,NaN,0.07,22.29,1413.1,19.55,22.34,,
68,0,0.004761109559,171.2115936,3.329901462,199.2311785,684.7074149,562.4575072,0.3357624489,174.1187361,2.907142499,0.01800524193,0.004761109559,0.000000000100154004,0.00000000005635794317,13.84241403,-20,NaN,NaN,0.07,22.28,1413.1,19.54,22.36,,
69,0,0.004761109559,171.2700265,3.329901462,198.9196855,689.8709722,567.6276295,0.3351059256,174.5123217,3.24229523,0.01767698042,0.004761109559,0.000000000100154004,0.00000000005632752414,13.44521759,-20,NaN,NaN,0.075,22.27,1413.1,19.52,22.36,,
70,0,0.004761109559,171.6051792,3.328605716,198.9975131,683.5158247,562.4575072,0.2937449599,174.5123217,2.907142499,0.01899002649,0.004761109559,0.000000000100154004,0.00000000005632752414,13.44521759,-20,NaN,NaN,0.075,22.29,1413.1,19.53,22.34,,
71,0,0.004761109559,171.6051792,3.329901462,199.0753711,688.2821854,571.7637274,0.2156186973,174.5123217,2.907142499,0.01931828801,0.004761109559,0.000000000100154004,0.00000000005632752414,13.04802116,-20,NaN,NaN,0.08,22.27,1413.1,19.51,22.35,,
72,0,0.004761109559,171.6051792,3.328605716,199.1532595,683.9130215,562.802182,0.2192295748,174.5123217,2.907142499,0.01964654953,0.004761109559,0.000000000100154004,0.00000000005632752414,13.44521759,-20,NaN,NaN,0.08,22.27,1413.1,19.5,22.35,,
73,0,0.004761109559,171.2700265,3.328605716,199.3871078,685.5018083,566.2489302,0.1335533035,174.5123217,3.24229523,0.01866176497,0.004761109559,0.000000000100154004,0.00000000005629712153,13.04802116,-20,NaN,NaN,0.085,22.27,1413.1,19.5,22.33,,
74,0,0.004761109559,172.0571977,3.329901462,199.2311785,687.8849886,569.6956784,0.1325685188,175.2994929,3.24229523,0.01931828801,0.004761109559,0.000000000100154004,0.00000000005626673532,13.44521759,-20,NaN,NaN,0.085,22.26,1413.1,19.48,22.32,,
75,0,0.004761109559,171.6051792,3.331197712,198.8418884,683.5158247,564.5255561,0.08201624014,174.5123217,2.907142499,0.0173487189,0.004761109559,0.000000000100154004,0.00000000005626673532,13.84241403,-20,NaN,NaN,0.09,22.26,1413.1,19.49,22.33,,
76,0,0.004761109559,170.8764409,3.329901462,198.9196855,681.9270379,564.1808813,0.08365754785,174.1187361,3.24229523,0.01702045738,0.004761109559,0.000000000100154004,0.00000000005629712153,13.44521759,-20,NaN,NaN,0.09,22.26,1413.1,19.48,22.35,,
77,0,0.004761109559,171.6051792,3.328605716,199.1532595,681.5298412,565.2149057,0.05345748655,174.5123217,2.907142499,0.01997481105,0.004761109559,0.000000000100154004,0.00000000005632752414,13.44521759,-20,NaN,NaN,0.095,22.27,1413.1,19.48,22.32,,
78,0,0.004761109559,171.6636121,3.329901462,199.2311785,685.8990051,571.0743777,0.05772488646,174.9059073,3.24229523,0.0173487189,0.004761109559,0.000000000100154004,0.00000000005629712153,13.04802116,-20,NaN,NaN,0.095,22.25,1413.1,19.48,22.33,,
79,0,0.004761109559,170.9323349,3.328605716,199.1532595,686.2962018,572.1084022,0.0399987639,174.5123217,3.579986776,0.01899002649,0.004761109559,0.0000000001000999462,0.00000000005623636552,13.44521759,-20,NaN,NaN,0.1,22.24,1413.1,19.43,22.33,,
80,0,0.004761109559,171.5439585,3.329901462,199.4651183,680.7354477,565.9042554,0.03901397933,174.1187361,2.57477762,0.01669219586,0.004761109559,0.000000000100154004,0.00000000005629712153,13.44521759,-20,NaN,NaN,0.1,22.27,1413.1,19.46,22.31,,
81,0,0.004761109559,171.6636121,3.329901462,199.3871078,686.2962018,571.0743777,0.03212048732,174.9059073,3.24229523,0.01833350345,0.004761109559,0.000000000100154004,0.00000000005629712153,13.04802116,-20,NaN,NaN,0.105,22.26,1413.1,19.45,22.33,,
82,0,0.004761109559,171.6051792,3.329901462,199.6212307,680.7354477,569.0063288,0.02916613362,174.5123217,2.907142499,0.01997481105,0.004761109559,0.0000000001000999462,0.00000000005626673532,13.44521759,-20,NaN,NaN,0.105,22.25,1413.1,19.44,22.33,,
83,0,0.004761109559,171.6051792,3.329901462,199.7774653,682.3242346,570.0403533,0.02654004144,174.5123217,2.907142499,0.0173487189,0.004761109559,0.0000000001000999462,0.00000000005629712153,13.44521759,-20,NaN,NaN,0.11,22.26,1413.1,19.44,22.31,,
84,0,0.004761109559,171.2700265,3.329901462,199.5431592,682.3242346,569.3510036,0.03015091818,174.5123217,3.24229523,0.0173487189,0.004761109559,0.0000000001000999462,0.00000000005623636552,13.44521759,-20,NaN,NaN,0.11,22.24,1413.1,19.43,22.31,,
85,0,0.004761109559,172.0571977,3.329901462,199.5431592,681.5298412,569.6956784,0.02489873384,175.2994929,3.24229523,0.0173487189,0.004761109559,0.0000000001000999462,0.00000000005626673532,13.44521759,-20,NaN,NaN,0.115,22.26,1413.1,19.43,22.32,,
86,0,0.004761109559,170.8764409,3.329901462,198.9975131,682.7214313,570.3850281,0.02030307256,174.1187361,3.24229523,0.01636393435,0.004761109559,0.0000000001000999462,0.00000000005632752414,13.44521759,-20,NaN,NaN,0.115,22.24,1413.1,19.42,22.3,,
87,0,0.004761109559,170.9323349,3.329901462,198.8418884,684.7074149,574.8658008,0.0209595956,174.5123217,3.579986776,0.01767698042,0.004761109559,0.0000000001000999462,0.00000000005629712153,13.44521759,-20,NaN,NaN,0.12,22.25,1413.1,19.41,22.32,,
88,0,0.004761109559,171.3259206,3.329901462,199.2311785,680.338251,570.0403533,0.01439436524,174.9059073,3.579986776,0.01767698042,0.004761109559,0.0000000001000999462,0.00000000005626673532,13.44521759,-20,NaN,NaN,0.12,22.26,1413.1,19.41,22.29,,
89,0,0.004761109559,171.6636121,3.328605716,199.0753711,687.8849886,575.8998253,0.009798704016,174.9059073,3.24229523,0.01964654953,0.004761109559,0.000000000100154004,0.00000000005623636552,13.44521759,-20,NaN,NaN,0.125,22.25,1413.1,19.42,22.31,,
90,0,0.004761109559,172.0571977,3.328605716,199.0753711,687.4877919,578.3125491,0.01078348856,175.2994929,3.24229523,0.02030307256,0.004761109559,0.000000000100154004,0.00000000005626673532,13.44521759,-20,NaN,NaN,0.125,22.24,1413.1,19.4,22.3,,
91,0,0.004761109559,171.6051792,3.329901462,199.3091279,678.7494642,573.1424267,0.01537914979,174.5123217,2.907142499,0.01800524193,0.004761109559,0.000000000100154004,0.00000000005620601211,13.44521759,-20,NaN,NaN,0.13,22.25,1413.1,19.39,22.32,,
92,0,0.004761109559,171.6051792,3.329901462,198.8418884,678.3522675,572.7977519,0.01472262676,174.5123217,2.907142499,0.01767698042,0.004761109559,0.000000000100154004,0.00000000005620601211,13.44521759,-20,NaN,NaN,0.13,22.24,1413.1,19.39,22.3,,
93,0,0.004761109559,171.2115936,3.329901462,199.3871078,677.9550707,572.7977519,0.01275305766,174.1187361,2.907142499,0.01702045738,0.004761109559,0.0000000001000999462,0.00000000005626673532,13.44521759,-20,NaN,NaN,0.135,22.27,1413.1,19.4,22.32,,
94,0,0.004761109559,171.2115936,3.328605716,199.3871078,689.4737755,581.7592974,0.007500873411,174.1187361,2.907142499,0.01997481105,0.004761109559,0.000000000100154004,0.00000000005617567508,13.04802116,-20,NaN,NaN,0.135,22.25,1413.1,19.4,22.31,,
95,0,0.004761109559,171.2700265,3.329901462,199.6993327,679.1466609,574.8658008,0.01702045738,174.5123217,3.24229523,0.0173487189,0.004761109559,0.000000000100154004,0.00000000005623636552,13.44521759,-20,NaN,NaN,0.14,22.24,1413.1,19.39,22.3,,
96,0,0.004761109559,171.6051792,3.329901462,199.2311785,677.1606773,575.2104757,0.01373784221,174.5123217,2.907142499,0.0173487189,0.004761109559,0.000000000100154004,0.00000000005623636552,13.04802116,-20,NaN,NaN,0.14,22.26,1413.1,19.4,22.31,,
97,0,0.004761109559,171.2700265,3.329901462,198.9975131,678.3522675,574.521126,0.008485657956,174.5123217,3.24229523,0.0173487189,0.004761109559,0.0000000001000999462,0.00000000005629712153,13.04802116,-20,NaN,NaN,0.145,22.25,1413.1,19.37,22.32,,
98,0,0.004761109559,170.818008,3.328605716,198.9196855,676.7634806,574.8658008,0.007500873411,173.7251505,2.907142499,0.01997481105,0.004761109559,0.000000000100154004,0.00000000005626673532,13.44521759,-20,NaN,NaN,0.145,22.26,1413.1,19.36,22.31,,
99,0,0.004761109559,170.9323349,3.328605716,198.8418884,681.5298412,579.3465736,0.009798704016,174.5123217,3.579986776,0.01767698042,0.004761109559,0.0000000001000999462,0.00000000005626673532,13.84241403,-20,NaN,NaN,0.15,22.26,1413.1,19.37,22.32,,
100,0,0.004761109559,171.3259206,3.329901462,199.0753711,679.9410543,582.7933219,0.01603567283,174.9059073,3.579986776,0.01767698042,0.004761109559,0.000000000100154004,0.00000000005626673532,13.44521759,-20,NaN,NaN,0.15,22.25,1413.1,19.38,22.3,,
101,0,0.004761109559,170.4828553,3.329901462,198.9975131,675.1746937,578.6572239,0.01176827311,173.7251505,3.24229523,0.01702045738,0.004761109559,0.000000000100154004,0.00000000005626673532,13.44521759,-20,NaN,NaN,0.155,22.26,1413.1,19.38,22.32,,
102,0,0.004761109559,171.2700265,3.329901462,199.0753711,685.5018083,583.4826716,0.01012696553,174.5123217,3.24229523,0.01931828801,0.004761109559,0.0000000001000999462,0.00000000005626673532,13.04802116,-20,NaN,NaN,0.155,22.26,1413.1,19.38,22.3,,
103,0,0.004761109559,170.818008,3.329901462,198.9975131,674.3803003,578.6572239,0.01144001159,173.7251505,2.907142499,0.01669219586,0.004761109559,0.000000000100154004,0.00000000005626673532,13.44521759,-20,NaN,NaN,0.16,22.26,1413.1,19.38,22.31,,
104,0,0.004761109559,171.6636121,3.329901462,199.3091279,679.5438576,583.8273464,0.01472262676,174.9059073,3.24229523,0.01767698042,0.004761109559,0.0000000001000999462,0.00000000005620601211,13.04802116,-20,NaN,NaN,0.16,22.26,1413.1,19.36,22.31,,
105,0,0.004761109559,171.2115936,3.329901462,199.2311785,682.7214313,588.3081192,0.01111175008,174.1187361,2.907142499,0.01997481105,0.004761109559,0.000000000100154004,0.00000000005620601211,13.44521759,-20,NaN,NaN,0.165,22.26,1413.1,19.35,22.32,,
106,0,0.004761109559,171.6636121,3.329901462,199.0753711,683.9130215,587.9634444,0.009470442501,174.9059073,3.24229523,0.01899002649,0.004761109559,0.000000000100154004,0.00000000005620601211,13.44521759,-20,NaN,NaN,0.165,22.27,1413.1,19.35,22.32,,
107,0,0.004761109559,171.6051792,3.328605716,199.1532595,683.5158247,588.9974689,0.006187827354,174.5123217,2.907142499,0.01997481105,0.004761109559,0.0000000001000999462,0.00000000005620601211,13.44521759,-20,NaN,NaN,0.17,22.26,1413.1,19.35,22.32,,
108,0,0.004761109559,171.3259206,3.329901462,199.3091279,677.557874,585.2060457,0.01570741131,174.9059073,3.579986776,0.01767698042,0.004761109559,0.000000000100154004,0.00000000005629712153,13.04802116,-20,NaN,NaN,0.17,22.28,1413.1,19.35,22.32,,
109,0,0.004761109559,171.2115936,3.329901462,199.6993327,673.9831036,582.4486471,0.01111175008,174.1187361,2.907142499,0.01669219586,0.004761109559,0.000000000100154004,0.00000000005623636552,13.44521759,-20,NaN,NaN,0.175,22.29,1413.1,19.35,22.32,,
110,0,0.004761109559,171.2700265,3.328605716,199.1532595,681.5298412,589.3421437,0.009798704016,174.5123217,3.24229523,0.01964654953,0.004761109559,0.000000000100154004,0.00000000005623636552,13.44521759,-20,NaN,NaN,0.175,22.29,1413.1,19.34,22.34,,
111,0,0.004761109559,171.2115936,3.329901462,199.5431592,673.9831036,585.8953954,0.009142180986,174.1187361,2.907142499,0.0173487189,0.004761109559,0.000000000100154004,0.00000000005623636552,13.84241403,-20,NaN,NaN,0.18,22.29,1413.1,19.36,22.33,,
112,0,0.004761109559,171.2700265,3.329901462,199.4651183,671.9971201,585.8953954,0.01275305766,174.5123217,3.24229523,0.01702045738,0.004761109559,0.000000000100154004,0.00000000005620601211,13.44521759,-20,NaN,NaN,0.18,22.29,1413.1,19.36,22.34,,
113,0,0.004761109559,170.818008,3.331197712,199.3871078,671.9971201,587.2740947,0.01176827311,173.7251505,2.907142499,0.01669219586,0.004761109559,0.0000000001000999462,0.00000000005620601211,13.44521759,-20,NaN,NaN,0.185,22.31,1413.1,19.34,22.34,,
114,0,0.004761109559,171.2700265,3.329901462,199.6212307,672.3943168,590.7208431,0.01603567283,174.5123217,3.24229523,0.01767698042,0.004761109559,0.0000000001000999462,0.00000000005617567508,13.44521759,-20,NaN,NaN,0.185,22.31,1413.1,19.35,22.35,,
115,0,0.004761109559,171.1503729,3.329901462,199.3871078,671.2027266,589.3421437,0.007500873411,173.7251505,2.57477762,0.01767698042,0.004761109559,0.000000000100154004,0.00000000005623636552,13.44521759,-20,NaN,NaN,0.19,22.32,1413.1,19.36,22.36,,
116,0,0.004761109559,170.9323349,3.329901462,199.1532595,672.7915135,594.5122663,0.01537914979,174.5123217,3.579986776,0.01800524193,0.004761109559,0.000000000100154004,0.00000000005617567508,13.44521759,-20,NaN,NaN,0.19,22.33,1413.1,19.34,22.34,,
117,0,0.004761109559,170.818008,3.329901462,199.5431592,670.8055299,590.0314934,0.01045522705,173.7251505,2.907142499,0.01669219586,0.004761109559,0.000000000100154004,0.00000000005623636552,13.84241403,-20,NaN,NaN,0.195,22.32,1413.1,19.34,22.35,,
118,0,0.004761109559,171.2115936,3.329901462,199.3091279,671.9971201,592.4442173,0.006844350382,174.1187361,2.907142499,0.01964654953,0.004761109559,0.0000000001000999462,0.00000000005623636552,13.84241403,-20,NaN,NaN,0.195,22.32,1413.1,19.34,22.36,,
119,0,0.004761109559,171.6636121,3.329901462,199.1532595,677.1606773,597.269665,0.01505088828,174.9059073,3.24229523,0.01800524193,0.004761109559,0.000000000100154004,0.00000000005623636552,13.84241403,-20,NaN,NaN,0.2,22.34,1413.1,19.35,22.37,,
120,0,0.004761109559,170.818008,3.329901462,199.2311785,670.8055299,593.1335669,0.009798704016,173.7251505,2.907142499,0.01669219586,0.004761109559,0.000000000100154004,0.00000000005620601211,13.44521759,-20,NaN,NaN,0.2,22.33,1413.1,19.36,22.37,,
121,0,0.004761109559,171.2700265,3.329901462,199.4651183,673.5859069,596.9249901,0.01045522705,174.5123217,3.24229523,0.01833350345,0.004761109559,0.0000000001000999462,0.00000000005620601211,13.04802116,-20,NaN,NaN,0.205,22.35,1413.1,19.34,22.36,,
122,0,0.004761109559,171.2700265,3.328605716,199.5431592,679.5438576,601.4057631,0.01012696553,174.5123217,3.24229523,0.01964654953,0.004761109559,0.000000000100154004,0.00000000005623636552,13.04802116,-20,NaN,NaN,0.205,22.35,1413.1,19.36,22.36,,
123,0,0.004761109559,171.6051792,3.329901462,199.6212307,671.5999233,595.8909656,0.01373784221,174.5123217,2.907142499,0.0173487189,0.004761109559,0.000000000100154004,0.00000000005623636552,13.44521759,-20,NaN,NaN,0.21,22.35,1413.1,19.35,22.37,,
124,0,0.004761109559,171.6051792,3.328605716,199.3871078,679.9410543,600.3717385,0.00585956584,174.5123217,2.907142499,0.01964654953,0.004761109559,0.000000000100154004,0.00000000005623636552,13.44521759,-20,NaN,NaN,0.21,22.35,1413.1,19.34,22.38,,
125,0,0.004761109559,171.2700265,3.329901462,199.7774653,673.5859069,600.3717385,0.01505088828,174.5123217,3.24229523,0.01767698042,0.004761109559,0.000000000100154004,0.00000000005617567508,13.44521759,-20,NaN,NaN,0.215,22.36,1413.1,19.34,22.37,,
126,0,0.004761109559,171.2700265,3.329901462,199.1532595,674.777497,601.0610882,0.01505088828,174.5123217,3.24229523,0.01767698042,0.004761109559,0.000000000100154004,0.00000000005620601211,13.44521759,-20,NaN,NaN,0.215,22.36,1413.1,19.34,22.36,,
127,0,0.004761109559,170.8764409,3.329901462,199.2311785,672.7915135,600.3717385,0.007829134926,174.1187361,3.24229523,0.01767698042,0.004761109559,0.000000000100154004,0.00000000005626673532,13.04802116,-20,NaN,NaN,0.22,22.37,1413.1,19.34,22.38,,
128,0,0.004761109559,171.2115936,3.328605716,199.4651183,677.557874,604.5078366,0.008157396441,174.1187361,2.907142499,0.02030307256,0.004761109559,0.000000000100154004,0.00000000005623636552,13.44521759,-20,NaN,NaN,0.22,22.37,1413.1,19.35,22.39,,
129,0,0.004761109559,171.6636121,3.329901462,199.4651183,673.1887102,600.7164134,0.01012696553,174.9059073,3.24229523,0.01899002649,0.004761109559,0.000000000100154004,0.00000000005620601211,13.44521759,-20,NaN,NaN,0.215,22.37,1413.1,19.33,22.41,,
130,0,0.004761109559,171.2700265,3.329901462,199.0753711,673.9831036,604.1631618,0.009470442501,174.5123217,3.24229523,0.01899002649,0.004761109559,0.000000000100154004,0.00000000005617567508,13.44521759,-20,NaN,NaN,0.215,22.38,1413.1,19.35,22.4,,
131,0,0.004761109559,170.8764409,3.329901462,199.5431592,672.7915135,601.0610882,0.01505088828,174.1187361,3.24229523,0.01800524193,0.004761109559,0.000000000100154004,0.00000000005620601211,13.44521759,-20,NaN,NaN,0.21,22.4,1413.1,19.34,22.4,,
132,0,0.004761109559,171.2115936,3.329901462,199.4651183,668.8195464,600.0270637,0.01406610372,174.1187361,2.907142499,0.0173487189,0.004761109559,0.000000000100154004,0.00000000005620601211,13.44521759,-20,NaN,NaN,0.21,22.4,1413.1,19.34,22.43,,
133,0,0.004761109559,171.1503729,3.329901462,199.3091279,669.2167431,599.337714,0.009470442501,173.7251505,2.57477762,0.01702045738,0.004761109559,0.0000000001000999462,0.00000000005623636552,13.84241403,-20,NaN,NaN,0.205,22.4,1413.1,19.35,22.42,,
134,0,0.004761109559,170.9323349,3.329901462,199.4651183,671.5999233,604.1631618,0.01439436524,174.5123217,3.579986776,0.01800524193,0.004761109559,0.0000000001000999462,0.00000000005617567508,13.04802116,-20,NaN,NaN,0.205,22.42,1413.1,19.34,22.42,,
135,0,0.004761109559,170.8764409,3.331197712,199.4651183,669.2167431,601.7504379,0.01537914979,174.1187361,3.24229523,0.01767698042,0.004761109559,0.000000000100154004,0.00000000005620601211,13.44521759,-20,NaN,NaN,0.2,22.41,1413.1,19.35,22.42,,
136,0,0.004761109559,170.8764409,3.329901462,199.6212307,669.2167431,601.7504379,0.01505088828,174.1187361,3.24229523,0.01767698042,0.004761109559,0.000000000100154004,0.00000000005620601211,13.44521759,-20,NaN,NaN,0.2,22.44,1413.1,19.35,22.43,,
137,0,0.004761109559,170.9323349,3.329901462,200.0120466,674.777497,604.8525115,0.009798704016,174.5123217,3.579986776,0.01866176497,0.004761109559,0.0000000001000999462,0.00000000005620601211,13.44521759,-20,NaN,NaN,0.195,22.44,1413.1,19.35,22.43,,
138,0,0.004761109559,171.2115936,3.329901462,200.2469033,669.6139398,602.0951127,0.006187827354,174.1187361,2.907142499,0.01964654953,0.004761109559,0.000000000100154004,0.00000000005626673532,13.44521759,-20,NaN,NaN,0.195,22.44,1413.1,19.34,22.45,,
139,0,0.004761109559,170.9323349,3.329901462,199.6993327,674.777497,608.6439348,0.01340958069,174.5123217,3.579986776,0.01767698042,0.004761109559,0.000000000100154004,0.00000000005623636552,13.44521759,-20,NaN,NaN,0.19,22.43,1413.1,19.35,22.46,,
140,0,0.004761109559,170.818008,3.328605716,199.6993327,670.8055299,610.7119838,0.009798704016,173.7251505,2.907142499,0.01899002649,0.004761109559,0.000000000100154004,0.00000000005617567508,13.84241403,-20,NaN,NaN,0.19,22.44,1413.1,19.35,22.45,,
141,0,0.004761109559,171.2115936,3.329901462,199.4651183,668.025153,604.5078366,0.01176827311,174.1187361,2.907142499,0.01702045738,0.004761109559,0.000000000100154004,0.00000000005626673532,13.44521759,-20,NaN,NaN,0.185,22.45,1413.1,19.36,22.46,,
142,0,0.004761109559,171.2115936,3.328605716,199.3871078,677.9550707,610.7119838,0.006187827354,174.1187361,2.907142499,0.01964654953,0.004761109559,0.000000000100154004,0.00000000005626673532,13.44521759,-20,NaN,NaN,0.185,22.44,1413.1,19.36,22.45,,
143,0,0.004761109559,171.2700265,3.329901462,199.6993327,674.777497,611.0566587,0.01537914979,174.5123217,3.24229523,0.01800524193,0.004761109559,0.000000000100154004,0.00000000005623636552,13.44521759,-20,NaN,NaN,0.18,22.47,1413.1,19.35,22.46,,
144,0,0.004761109559,171.2115936,3.329901462,199.7774653,668.8195464,605.5418612,0.006516088868,174.1187361,2.907142499,0.01767698042,0.004761109559,0.0000000001000999462,0.00000000005623636552,13.84241403,-20,NaN,NaN,0.18,22.48,1413.1,19.38,22.46,,
145,0,0.004761109559,170.5387493,3.328605716,199.3871078,675.5718905,615.1927568,0.009470442501,174.1187361,3.579986776,0.01931828801,0.004761109559,0.0000000001000999462,0.00000000005614535443,13.04802116,-20,NaN,NaN,0.175,22.48,1413.1,19.36,22.49,,
146,0,0.004761109559,171.2700265,3.331197712,199.5431592,669.2167431,606.9205605,0.01505088828,174.5123217,3.24229523,0.0173487189,0.004761109559,0.0000000001000999462,0.00000000005620601211,13.44521759,-20,NaN,NaN,0.175,22.5,1413.1,19.36,22.48,,
147,0,0.004761109559,171.1503729,3.329901462,199.4651183,668.025153,606.5758857,0.00585956584,173.7251505,2.57477762,0.01997481105,0.004761109559,0.000000000100154004,0.00000000005617567508,13.44521759,-20,NaN,NaN,0.17,22.5,1413.1,19.35,22.48,,
148,0,0.004761109559,170.4828553,3.329901462,199.8556285,671.9971201,609.6779593,0.01373784221,173.7251505,3.24229523,0.01800524193,0.004761109559,0.000000000100154004,0.00000000005620601211,13.44521759,-20,NaN,NaN,0.17,22.49,1413.1,19.38,22.48,,
149,0,0.004761109559,171.2115936,3.328605716,199.5431592,676.3662839,614.5034071,0.01176827311,174.1187361,2.907142499,0.01997481105,0.004761109559,0.000000000100154004,0.00000000005620601211,13.44521759,-20,NaN,NaN,0.165,22.53,1413.1,19.34,22.51,,
150,0,0.004761109559,171.2700265,3.329901462,199.8556285,674.3803003,612.4353581,0.01012696553,174.5123217,3.24229523,0.01833350345,0.004761109559,0.000000000100154004,0.00000000005620601211,13.44521759,-20,NaN,NaN,0.165,22.52,1413.1,19.38,22.5,,
151,0,0.004761109559,171.6051792,3.329901462,199.7774653,668.4223497,609.6779593,0.01078348856,174.5123217,2.907142499,0.01669219586,0.004761109559,0.0000000001000999462,0.00000000005620601211,13.84241403,-20,NaN,NaN,0.16,22.54,1413.1,19.37,22.51,,
152,0,0.004761109559,170.818008,3.329901462,199.6993327,667.6279562,607.6099102,0.01340958069,173.7251505,2.907142499,0.01702045738,0.004761109559,0.0000000001000999462,0.00000000005623636552,13.44521759,-20,NaN,NaN,0.16,22.54,1413.1,19.38,22.51,,
153,0,0.004761109559,170.818008,3.329901462,200.0903015,667.6279562,608.2992599,0.007500873411,173.7251505,2.907142499,0.01964654953,0.004761109559,0.000000000100154004,0.00000000005617567508,13.84241403,-20,NaN,NaN,0.155,22.53,1413.1,19.38,22.53,,
154,0,0.004761109559,171.2115936,3.329901462,199.5431592,668.8195464,609.6779593,0.006844350382,174.1187361,2.907142499,0.01997481105,0.004761109559,0.0000000001000999462,0.00000000005620601211,13.84241403,-20,NaN,NaN,0.155,22.55,1413.1,19.37,22.51,,
155,0,0.004761109559,170.818008,3.328605716,199.6212307,674.3803003,615.1927568,0.006844350382,173.7251505,2.907142499,0.02030307256,0.004761109559,0.0000000001000999462,0.00000000005620601211,13.84241403,-20,NaN,NaN,0.15,22.56,1413.1,19.37,22.54,,
156,0,0.004761109559,170.818008,3.329901462,199.8556285,668.4223497,610.7119838,0.006516088868,173.7251505,2.907142499,0.01997481105,0.004761109559,0.0000000001000999462,0.00000000005617567508,13.44521759,-20,NaN,NaN,0.15,22.56,1413.1,19.39,22.53,,
157,0,0.004761109559,171.2700265,3.329901462,199.9338222,673.5859069,615.8821065,0.01537914979,174.5123217,3.24229523,0.01767698042,0.004761109559,0.000000000100154004,0.00000000005617567508,13.04802116,-20,NaN,NaN,0.145,22.56,1413.1,19.38,22.54,,
158,0,0.004761109559,171.2700265,3.329901462,200.1685871,670.0111365,612.0906832,0.01472262676,174.5123217,3.24229523,0.0173487189,0.004761109559,0.000000000100154004,0.00000000005617567508,13.44521759,-20,NaN,NaN,0.145,22.55,1413.1,19.4,22.55,,
159,0,0.004761109559,171.2115936,3.328605716,199.7774653,677.557874,617.2608059,0.006844350382,174.1187361,2.907142499,0.02030307256,0.004761109559,0.000000000100154004,0.00000000005620601211,13.44521759,-20,NaN,NaN,0.14,22.57,1413.1,19.37,22.55,,
160,0,0.004761109559,170.8764409,3.331197712,199.7774653,671.5999233,612.7800329,0.01373784221,174.1187361,3.24229523,0.01702045738,0.004761109559,0.000000000100154004,0.00000000005614535443,13.84241403,-20,NaN,NaN,0.14,22.59,1413.1,19.39,22.56,,
161,0,0.004761109559,170.8764409,3.329901462,199.6993327,677.557874,614.848082,0.01603567283,174.1187361,3.24229523,0.01767698042,0.004761109559,0.000000000100154004,0.00000000005620601211,13.84241403,-20,NaN,NaN,0.135,22.57,1413.1,19.38,22.56,,
162,0,0.004761109559,171.2700265,3.328605716,199.8556285,672.3943168,615.8821065,0.01636393435,174.5123217,3.24229523,0.01767698042,0.004761109559,0.0000000001000999462,0.00000000005617567508,13.44521759,-20,NaN,NaN,0.135,22.59,1413.1,19.39,22.56,,
163,0,0.004761109559,171.2700265,3.329901462,199.9338222,676.7634806,618.6395053,0.01636393435,174.5123217,3.24229523,0.01767698042,0.004761109559,0.000000000100154004,0.00000000005617567508,13.44521759,-20,NaN,NaN,0.13,22.61,1413.1,19.4,22.58,,
164,0,0.004761109559,170.9323349,3.329901462,200.1685871,676.7634806,617.9501556,0.01012696553,174.5123217,3.579986776,0.01800524193,0.004761109559,0.0000000001000999462,0.00000000005611505014,13.04802116,-20,NaN,NaN,0.13,22.61,1413.1,19.4,22.58,,
165,0,0.004761109559,171.2115936,3.329901462,199.9338222,672.3943168,615.1927568,0.01505088828,174.1187361,2.907142499,0.01702045738,0.004761109559,0.000000000100154004,0.00000000005620601211,13.44521759,-20,NaN,NaN,0.125,22.61,1413.1,19.38,22.6,,
166,0,0.004761109559,171.3259206,3.329901462,199.9338222,675.1746937,620.3628796,0.01144001159,174.9059073,3.579986776,0.01800524193,0.004761109559,0.000000000100154004,0.00000000005614535443,13.04802116,-20,NaN,NaN,0.125,22.61,1413.1,19.39,22.59,,
167,0,0.004761109559,171.2115936,3.329901462,199.8556285,670.4083332,616.5714562,0.01340958069,174.1187361,2.907142499,0.01931828801,0.004761109559,0.0000000001000999462,0.00000000005623636552,13.84241403,-20,NaN,NaN,0.12,22.63,1413.1,19.4,22.61,,
168,0,0.004761109559,171.1503729,3.329901462,200.0903015,672.3943168,616.2267814,0.01406610372,173.7251505,2.57477762,0.01702045738,0.004761109559,0.000000000100154004,0.00000000005617567508,13.44521759,-20,NaN,NaN,0.12,22.63,1413.1,19.4,22.6,,
169,0,0.004761109559,170.8764409,3.329901462,199.7774653,671.5999233,615.5374317,0.01767698042,174.1187361,3.24229523,0.0173487189,0.004761109559,0.0000000001000999462,0.00000000005620601211,13.04802116,-20,NaN,NaN,0.115,22.63,1413.1,19.41,22.59,,
170,0,0.004761109559,171.1503729,3.329901462,199.8556285,670.0111365,615.8821065,0.01702045738,173.7251505,2.57477762,0.01669219586,0.004761109559,0.000000000100154004,0.00000000005620601211,13.84241403,-20,NaN,NaN,0.115,22.64,1413.1,19.4,22.6,,
171,0,0.004761109559,170.818008,3.329901462,200.0120466,672.7915135,616.9161311,0.02654004144,173.7251505,2.907142499,0.01669219586,0.004761109559,0.000000000100154004,0.00000000005620601211,13.44521759,-20,NaN,NaN,0.11,22.67,1413.1,19.39,22.63,,
172,0,0.004761109559,171.2115936,3.328605716,200.5604746,672.3943168,618.2948305,0.0209595956,174.1187361,2.907142499,0.02030307256,0.004761109559,0.000000000100154004,0.00000000005617567508,13.44521759,-20,NaN,NaN,0.11,22.65,1413.1,19.39,22.63,,
173,0,0.004761109559,170.818008,3.329901462,200.0903015,671.9971201,618.2948305,0.03212048732,173.7251505,2.907142499,0.01702045738,0.004761109559,0.000000000100154004,0.00000000005623636552,13.44521759,-20,NaN,NaN,0.105,22.66,1413.1,19.4,22.63,,
174,0,0.004761109559,171.1503729,3.329901462,199.9338222,672.7915135,617.9501556,0.02982265666,173.7251505,2.57477762,0.01636393435,0.004761109559,0.0000000001000999462,0.00000000005623636552,13.44521759,-20,NaN,NaN,0.105,22.67,1413.1,19.41,22.64,,
175,0,0.004761109559,170.4244224,3.329901462,199.7774653,671.5999233,617.2608059,0.03967050238,173.3315649,2.907142499,0.01702045738,0.004761109559,0.000000000100154004,0.00000000005620601211,13.44521759,-20,NaN,NaN,0.1,22.68,1413.1,19.41,22.64,,
176,0,0.004761109559,170.818008,3.329901462,199.8556285,672.3943168,619.328855,0.0399987639,173.7251505,2.907142499,0.01702045738,0.004761109559,0.000000000100154004,0.00000000005620601211,13.04802116,-20,NaN,NaN,0.1,22.68,1413.1,19.42,22.64,,
177,0,0.004761109559,170.8764409,3.329901462,199.8556285,682.7214313,625.5330024,0.06133576332,174.1187361,3.24229523,0.01931828801,0.004761109559,0.000000000100154004,0.00000000005617567508,13.44521759,-20,NaN,NaN,0.095,22.69,1413.1,19.41,22.65,,
178,0,0.004761109559,170.4828553,3.329901462,199.9338222,672.7915135,618.9841802,0.05936619412,173.7251505,3.24229523,0.01800524193,0.004761109559,0.000000000100154004,0.00000000005617567508,13.44521759,-20,NaN,NaN,0.095,22.71,1413.1,19.4,22.67,,
179,0,0.004761109559,171.6636121,3.329901462,199.8556285,681.5298412,628.2904012,0.09120756333,174.9059073,3.24229523,0.01931828801,0.004761109559,0.000000000100154004,0.00000000005614535443,13.04802116,-20,NaN,NaN,0.09,22.71,1413.1,19.41,22.66,,
180,0,0.004761109559,170.8764409,3.329901462,200.3252501,673.5859069,621.0522293,0.09186408641,174.1187361,3.24229523,0.0173487189,0.004761109559,0.0000000001000999462,0.00000000005620601211,13.44521759,-20,NaN,NaN,0.09,22.72,1413.1,19.43,22.67,,
181,0,0.004761109559,171.2115936,3.328605716,199.8556285,675.9690872,619.6735299,0.1539055204,174.1187361,2.907142499,0.02030307256,0.004761109559,0.000000000100154004,0.00000000005620601211,13.44521759,-20,NaN,NaN,0.085,22.72,1413.1,19.41,22.67,,
182,0,0.004761109559,171.2115936,3.329901462,200.2469033,673.1887102,621.3969041,0.1506229048,174.1187361,2.907142499,0.01702045738,0.004761109559,0.000000000100154004,0.00000000005620601211,13.84241403,-20,NaN,NaN,0.085,22.75,1413.1,19.42,22.68,,
183,0,0.004761109559,171.2115936,3.331197712,199.9338222,680.7354477,626.9117018,0.2336730851,174.1187361,2.907142499,0.01997481105,0.004761109559,0.000000000100154004,0.00000000005617567508,13.04802116,-20,NaN,NaN,0.08,22.74,1413.1,19.43,22.68,,
184,0,0.004761109559,171.2115936,3.328605716,200.1685871,673.5859069,620.7075544,0.2379404859,174.1187361,2.907142499,0.01997481105,0.004761109559,0.000000000100154004,0.00000000005626673532,13.44521759,-20,NaN,NaN,0.08,22.76,1413.1,19.43,22.67,,
185,0,0.004761109559,171.2700265,3.329901462,200.1685871,677.1606773,622.4309287,0.3131123959,174.5123217,3.24229523,0.01767698042,0.004761109559,0.000000000100154004,0.00000000005620601211,13.44521759,-20,NaN,NaN,0.075,22.74,1413.1,19.43,22.7,,
186,0,0.004761109559,171.2700265,3.329901462,200.2469033,673.9831036,622.0862538,0.3052341168,174.5123217,3.24229523,0.0173487189,0.004761109559,0.0000000001000999462,0.00000000005620601211,13.44521759,-20,NaN,NaN,0.075,22.74,1413.1,19.42,22.72,,
187,0,0.004761109559,170.5387493,3.329901462,200.0120466,672.7915135,621.3969041,0.3479081297,174.1187361,3.579986776,0.0173487189,0.004761109559,0.0000000001000999462,0.00000000005617567508,13.04802116,-20,NaN,NaN,0.07,22.76,1413.1,19.43,22.71,,
188,0,0.004761109559,171.1503729,3.329901462,199.7774653,671.5999233,620.7075544,0.3452820365,173.7251505,2.57477762,0.01636393435,0.004761109559,0.000000000100154004,0.00000000005620601211,13.44521759,-20,NaN,NaN,0.07,22.76,1413.1,19.45,22.71,,
189,0,0.004761109559,171.2115936,3.329901462,199.8556285,675.1746937,621.3969041,0.3528320544,174.1187361,2.907142499,0.0173487189,0.004761109559,0.0000000001000999462,0.00000000005620601211,13.44521759,-20,NaN,NaN,0.065,22.76,1413.1,19.43,22.73,,
190,0,0.004761109559,170.8764409,3.329901462,200.4820357,674.777497,623.4649532,0.3534885777,174.1187361,3.24229523,0.01833350345,0.004761109559,0.000000000100154004,0.00000000005623636552,13.44521759,-20,NaN,NaN,0.065,22.79,1413.1,19.42,22.73,,
191,0,0.004761109559,171.2700265,3.329901462,200.2469033,678.7494642,627.2563766,0.348564653,174.5123217,3.24229523,0.01866176497,0.004761109559,0.0000000001000999462,0.00000000005617567508,13.44521759,-20,NaN,NaN,0.06,22.77,1413.1,19.43,22.74,,
192,0,0.004761109559,171.1503729,3.331197712,200.5604746,673.5859069,623.4649532,0.3459385598,173.7251505,2.57477762,0.01669219586,0.004761109559,0.000000000100154004,0.00000000005623636552,13.44521759,-20,NaN,NaN,0.06,22.8,1413.1,19.44,22.72,,
193,0,0.004761109559,170.8764409,3.331197712,200.0903015,673.1887102,624.4989778,0.3495494379,174.1187361,3.24229523,0.0173487189,0.004761109559,0.000000000100154004,0.00000000005617567508,13.44521759,-20,NaN,NaN,0.055,22.79,1413.1,19.44,22.74,,
194,0,0.004761109559,171.1503729,3.329901462,200.3252501,673.9831036,624.4989778,0.3433124667,173.7251505,2.57477762,0.01702045738,0.004761109559,0.000000000100154004,0.00000000005626673532,13.44521759,-20,NaN,NaN,0.055,22.78,1413.1,19.45,22.74,,
195,0,0.004761109559,171.1503729,3.329901462,200.4036276,674.777497,623.8096281,0.3433124667,173.7251505,2.57477762,0.01603567283,0.004761109559,0.000000000100154004,0.00000000005623636552,13.44521759,-20,NaN,NaN,0.05,22.81,1413.1,19.44,22.74,,
196,0,0.004761109559,170.7567873,3.329901462,200.0120466,674.777497,623.1202784,0.3423276817,173.3315649,2.57477762,0.01669219586,0.004761109559,0.000000000100154004,0.00000000005626673532,13.84241403,-20,NaN,NaN,0.05,22.81,1413.1,19.46,22.76,,
197,0,0.004761109559,171.2700265,3.329901462,200.2469033,673.5859069,623.8096281,0.3505342229,174.5123217,3.24229523,0.01800524193,0.004761109559,0.000000000100154004,0.00000000005617567508,13.44521759,-20,NaN,NaN,0.045,22.82,1413.1,19.46,22.76,,
198,0,0.004761109559,170.818008,3.329901462,200.4820357,675.9690872,625.5330024,0.342984205,173.7251505,2.907142499,0.01636393435,0.004761109559,0.000000000100154004,0.00000000005620601211,13.44521759,-20,NaN,NaN,0.045,22.85,1413.1,19.45,22.77,,
199,0,0.004761109559,171.2115936,3.329901462,200.1685871,674.777497,624.4989778,0.3449537749,174.1187361,2.907142499,0.01669219586,0.004761109559,0.000000000100154004,0.00000000005620601211,13.44521759,-20,NaN,NaN,0.04,22.83,1413.1,19.46,22.79,,
200,0,0.004761109559,170.9323349,3.331197712,199.9338222,678.7494642,630.0137755,0.3479081297,174.5123217,3.579986776,0.01800524193,0.004761109559,0.0000000001000999462,0.00000000005620601211,13.44521759,-20,NaN,NaN,0.04,22.84,1413.1,19.44,22.79,,
201,0,0.004761109559,170.5387493,3.329901462,200.5604746,675.1746937,626.5670269,0.3439689899,174.1187361,3.579986776,0.01833350345,0.004761109559,0.0000000001000999462,0.00000000005617567508,13.44521759,-20,NaN,NaN,0.035,22.85,1413.1,19.46,22.8,,
202,0,0.004761109559,171.2115936,3.329901462,200.1685871,672.3943168,625.8776772,0.3465950831,174.1187361,2.907142499,0.01702045738,0.004761109559,0.0000000001000999462,0.00000000005620601211,13.04802116,-20,NaN,NaN,0.035,22.85,1413.1,19.45,22.8,,
203,0,0.004761109559,170.818008,3.329901462,200.2469033,673.1887102,626.5670269,0.3406863735,173.7251505,2.907142499,0.01702045738,0.004761109559,0.000000000100154004,0.00000000005623636552,13.44521759,-20,NaN,NaN,0.03,22.85,1413.1,19.46,22.8,,
204,0,0.004761109559,171.6636121,3.329901462,200.2469033,675.1746937,627.9457263,0.3482363913,174.9059073,3.24229523,0.01767698042,0.004761109559,0.000000000100154004,0.00000000005620601211,13.44521759,-20,NaN,NaN,0.03,22.86,1413.1,19.45,22.8,,
205,0,0.004761109559,171.2115936,3.329901462,200.2469033,673.9831036,627.9457263,0.3403581119,174.1187361,2.907142499,0.02030307256,0.004761109559,0.000000000100154004,0.00000000005617567508,13.84241403,-20,NaN,NaN,0.025,22.89,1413.1,19.46,22.81,,
206,0,0.004761109559,171.6051792,3.329901462,200.7174443,683.5158247,636.5625977,0.3400298502,174.5123217,2.907142499,0.01997481105,0.004761109559,0.000000000100154004,0.00000000005617567508,13.44521759,-20,NaN,NaN,0.025,22.88,1413.1,19.46,22.82,,
207,0,0.004761109559,170.5387493,3.329901462,200.4036276,673.9831036,628.9797509,0.3488929146,174.1187361,3.579986776,0.01800524193,0.004761109559,0.000000000100154004,0.00000000005620601211,13.44521759,-20,NaN,NaN,0.02,22.89,1413.1,19.46,22.81,,
208,0,0.004761109559,171.2700265,3.328605716,199.7774653,677.9550707,630.7031252,0.3446255132,174.5123217,3.24229523,0.01866176497,0.004761109559,0.000000000100154004,0.00000000005617567508,13.04802116,-20,NaN,NaN,0.02,22.87,1413.1,19.48,22.83,,
209,0,0.004761109559,170.818008,3.331197712,200.0903015,671.5999233,627.6010515,0.3436407283,173.7251505,2.907142499,0.01702045738,0.004761109559,0.000000000100154004,0.00000000005626673532,13.84241403,-20,NaN,NaN,0.015,22.9,1413.1,19.47,22.83,,
210,0,0.004761109559,170.4828553,3.328605716,200.5604746,682.3242346,635.873248,0.3446255132,173.7251505,3.24229523,0.01964654953,0.004761109559,0.0000000001000999462,0.00000000005617567508,13.04802116,-20,NaN,NaN,0.015,22.87,1413.1,19.47,22.82,,
211,0,0.004761109559,170.818008,3.328605716,200.1685871,681.9270379,637.2519475,0.3416711584,173.7251505,2.907142499,0.01964654953,0.004761109559,0.0000000001000999462,0.00000000005620601211,13.44521759,-20,NaN,NaN,0.01,22.91,1413.1,19.48,22.84,,
212,0,0.004761109559,170.1451637,3.329901462,200.0120466,674.777497,631.0478,0.3400298502,173.7251505,3.579986776,0.0173487189,0.004761109559,0.000000000100154004,0.00000000005623636552,13.04802116,-20,NaN,NaN,0.01,22.9,1413.1,19.49,22.84,,
213,0,0.004761109559,171.6636121,3.328605716,200.2469033,673.9831036,631.0478,0.3433124667,174.9059073,3.24229523,0.01866176497,0.004761109559,0.000000000100154004,0.00000000005623636552,13.04802116,-20,NaN,NaN,0.005,22.9,1413.1,19.49,22.84,,
214,0,0.004761109559,170.4244224,3.328605716,200.4820357,673.1887102,630.3584503,0.3410146351,173.3315649,2.907142499,0.01702045738,0.004761109559,0.000000000100154004,0.00000000005620601211,13.44521759,-20,NaN,NaN,0.005,22.92,1413.1,19.48,22.85,,
215,0,0.004761109559,170.818008,3.329901462,200.3252501,671.5999233,630.0137755,0.3403581119,173.7251505,2.907142499,0.01866176497,0.004761109559,0.000000000100154004,0.00000000005623636552,13.44521759,-20,NaN,NaN,0,22.92,1413.1,19.49,22.85,,
216,0,0.004761109559,170.818008,3.329901462,200.1685871,673.1887102,632.4264994,0.3459385598,173.7251505,2.907142499,0.0173487189,0.004761109559,0.0000000001000999462,0.00000000005617567508,13.04802116,-20,NaN,NaN,0,22.92,1413.1,19.47,22.87,,
217,0,0.004761109559,171.2700265,3.329901462,200.5604746,672.3943168,632.0818246,0.3416711584,174.5123217,3.24229523,0.01767698042,0.004761109559,0.000000000100154004,0.00000000005623636552,13.04802116,-20,NaN,NaN,0,22.94,1413.1,19.49,22.87,,
218,0,0.004761109559,170.8764409,3.329901462,200.4036276,672.3943168,632.0818246,0.348564653,174.1187361,3.24229523,0.01767698042,0.004761109559,0.000000000100154004,0.00000000005620601211,13.44521759,-20,NaN,NaN,0,22.95,1413.1,19.5,22.87,,
